variable,value,date
Mainland_China_Anhui,0.0,2020-01-22
Mainland_China_Anhui,0.0,2020-01-23
Mainland_China_Anhui,0.0,2020-01-24
Mainland_China_Anhui,0.0,2020-01-25
Mainland_China_Anhui,0.0,2020-01-26
Mainland_China_Anhui,0.0,2020-01-27
Mainland_China_Anhui,0.0,2020-01-28
Mainland_China_Anhui,2.0,2020-01-29
Mainland_China_Anhui,2.0,2020-01-30
Mainland_China_Anhui,3.0,2020-01-31
Mainland_China_Anhui,5.0,2020-02-01
Mainland_China_Anhui,7.0,2020-02-02
Mainland_China_Anhui,14.0,2020-02-03
Mainland_China_Anhui,20.0,2020-02-04
Mainland_China_Anhui,23.0,2020-02-05
Mainland_China_Anhui,34.0,2020-02-06
Mainland_China_Anhui,47.0,2020-02-07
Mainland_China_Anhui,59.0,2020-02-08
Mainland_China_Anhui,72.0,2020-02-09
Mainland_China_Anhui,88.0,2020-02-10
Mainland_China_Anhui,105.0,2020-02-11
Mainland_China_Anhui,127.0,2020-02-12
Mainland_China_Anhui,157.0,2020-02-13
Mainland_China_Anhui,193,2020-02-14
Mainland_China_Anhui,221,2020-02-15
Mainland_China_Anhui,255,2020-02-16
Mainland_China_Beijing,0.0,2020-01-22
Mainland_China_Beijing,0.0,2020-01-23
Mainland_China_Beijing,1.0,2020-01-24
Mainland_China_Beijing,2.0,2020-01-25
Mainland_China_Beijing,2.0,2020-01-26
Mainland_China_Beijing,2.0,2020-01-27
Mainland_China_Beijing,4.0,2020-01-28
Mainland_China_Beijing,4.0,2020-01-29
Mainland_China_Beijing,4.0,2020-01-30
Mainland_China_Beijing,5.0,2020-01-31
Mainland_China_Beijing,9.0,2020-02-01
Mainland_China_Beijing,9.0,2020-02-02
Mainland_China_Beijing,12.0,2020-02-03
Mainland_China_Beijing,23.0,2020-02-04
Mainland_China_Beijing,24.0,2020-02-05
Mainland_China_Beijing,31.0,2020-02-06
Mainland_China_Beijing,33.0,2020-02-07
Mainland_China_Beijing,34.0,2020-02-08
Mainland_China_Beijing,37.0,2020-02-09
Mainland_China_Beijing,44.0,2020-02-10
Mainland_China_Beijing,48.0,2020-02-11
Mainland_China_Beijing,56.0,2020-02-12
Mainland_China_Beijing,69.0,2020-02-13
Mainland_China_Beijing,80,2020-02-14
Mainland_China_Beijing,98,2020-02-15
Mainland_China_Beijing,108,2020-02-16
Mainland_China_Chongqing,0.0,2020-01-22
Mainland_China_Chongqing,0.0,2020-01-23
Mainland_China_Chongqing,0.0,2020-01-24
Mainland_China_Chongqing,0.0,2020-01-25
Mainland_China_Chongqing,0.0,2020-01-26
Mainland_China_Chongqing,0.0,2020-01-27
Mainland_China_Chongqing,0.0,2020-01-28
Mainland_China_Chongqing,1.0,2020-01-29
Mainland_China_Chongqing,1.0,2020-01-30
Mainland_China_Chongqing,1.0,2020-01-31
Mainland_China_Chongqing,3.0,2020-02-01
Mainland_China_Chongqing,7.0,2020-02-02
Mainland_China_Chongqing,9.0,2020-02-03
Mainland_China_Chongqing,9.0,2020-02-04
Mainland_China_Chongqing,15.0,2020-02-05
Mainland_China_Chongqing,24.0,2020-02-06
Mainland_China_Chongqing,31.0,2020-02-07
Mainland_China_Chongqing,39.0,2020-02-08
Mainland_China_Chongqing,51.0,2020-02-09
Mainland_China_Chongqing,66.0,2020-02-10
Mainland_China_Chongqing,79.0,2020-02-11
Mainland_China_Chongqing,102.0,2020-02-12
Mainland_China_Chongqing,128.0,2020-02-13
Mainland_China_Chongqing,152,2020-02-14
Mainland_China_Chongqing,184,2020-02-15
Mainland_China_Chongqing,207,2020-02-16
Mainland_China_Fujian,0.0,2020-01-22
Mainland_China_Fujian,0.0,2020-01-23
Mainland_China_Fujian,0.0,2020-01-24
Mainland_China_Fujian,0.0,2020-01-25
Mainland_China_Fujian,0.0,2020-01-26
Mainland_China_Fujian,0.0,2020-01-27
Mainland_China_Fujian,0.0,2020-01-28
Mainland_China_Fujian,0.0,2020-01-29
Mainland_China_Fujian,0.0,2020-01-30
Mainland_China_Fujian,0.0,2020-01-31
Mainland_China_Fujian,0.0,2020-02-01
Mainland_China_Fujian,0.0,2020-02-02
Mainland_China_Fujian,1.0,2020-02-03
Mainland_China_Fujian,3.0,2020-02-04
Mainland_China_Fujian,11.0,2020-02-05
Mainland_China_Fujian,14.0,2020-02-06
Mainland_China_Fujian,20.0,2020-02-07
Mainland_China_Fujian,24.0,2020-02-08
Mainland_China_Fujian,35.0,2020-02-09
Mainland_China_Fujian,39.0,2020-02-10
Mainland_China_Fujian,45.0,2020-02-11
Mainland_China_Fujian,53.0,2020-02-12
Mainland_China_Fujian,57.0,2020-02-13
Mainland_China_Fujian,63,2020-02-14
Mainland_China_Fujian,71,2020-02-15
Mainland_China_Fujian,82,2020-02-16
Mainland_China_Gansu,0.0,2020-01-22
Mainland_China_Gansu,0.0,2020-01-23
Mainland_China_Gansu,0.0,2020-01-24
Mainland_China_Gansu,0.0,2020-01-25
Mainland_China_Gansu,0.0,2020-01-26
Mainland_China_Gansu,0.0,2020-01-27
Mainland_China_Gansu,0.0,2020-01-28
Mainland_China_Gansu,0.0,2020-01-29
Mainland_China_Gansu,0.0,2020-01-30
Mainland_China_Gansu,0.0,2020-01-31
Mainland_China_Gansu,0.0,2020-02-01
Mainland_China_Gansu,3.0,2020-02-02
Mainland_China_Gansu,3.0,2020-02-03
Mainland_China_Gansu,4.0,2020-02-04
Mainland_China_Gansu,6.0,2020-02-05
Mainland_China_Gansu,6.0,2020-02-06
Mainland_China_Gansu,9.0,2020-02-07
Mainland_China_Gansu,12.0,2020-02-08
Mainland_China_Gansu,16.0,2020-02-09
Mainland_China_Gansu,17.0,2020-02-10
Mainland_China_Gansu,24.0,2020-02-11
Mainland_China_Gansu,31.0,2020-02-12
Mainland_China_Gansu,39.0,2020-02-13
Mainland_China_Gansu,39,2020-02-14
Mainland_China_Gansu,49,2020-02-15
Mainland_China_Gansu,54,2020-02-16
Mainland_China_Guangdong,0.0,2020-01-22
Mainland_China_Guangdong,2.0,2020-01-23
Mainland_China_Guangdong,2.0,2020-01-24
Mainland_China_Guangdong,2.0,2020-01-25
Mainland_China_Guangdong,2.0,2020-01-26
Mainland_China_Guangdong,4.0,2020-01-27
Mainland_China_Guangdong,4.0,2020-01-28
Mainland_China_Guangdong,5.0,2020-01-29
Mainland_China_Guangdong,10.0,2020-01-30
Mainland_China_Guangdong,11.0,2020-01-31
Mainland_China_Guangdong,14.0,2020-02-01
Mainland_China_Guangdong,15.0,2020-02-02
Mainland_China_Guangdong,21.0,2020-02-03
Mainland_China_Guangdong,30.0,2020-02-04
Mainland_China_Guangdong,49.0,2020-02-05
Mainland_China_Guangdong,69.0,2020-02-06
Mainland_China_Guangdong,88.0,2020-02-07
Mainland_China_Guangdong,112.0,2020-02-08
Mainland_China_Guangdong,141.0,2020-02-09
Mainland_China_Guangdong,167.0,2020-02-10
Mainland_China_Guangdong,212.0,2020-02-11
Mainland_China_Guangdong,275.0,2020-02-12
Mainland_China_Guangdong,314.0,2020-02-13
Mainland_China_Guangdong,362,2020-02-14
Mainland_China_Guangdong,410,2020-02-15
Mainland_China_Guangdong,465,2020-02-16
Mainland_China_Guangxi,0.0,2020-01-22
Mainland_China_Guangxi,0.0,2020-01-23
Mainland_China_Guangxi,0.0,2020-01-24
Mainland_China_Guangxi,0.0,2020-01-25
Mainland_China_Guangxi,0.0,2020-01-26
Mainland_China_Guangxi,0.0,2020-01-27
Mainland_China_Guangxi,2.0,2020-01-28
Mainland_China_Guangxi,2.0,2020-01-29
Mainland_China_Guangxi,2.0,2020-01-30
Mainland_China_Guangxi,2.0,2020-01-31
Mainland_China_Guangxi,2.0,2020-02-01
Mainland_China_Guangxi,2.0,2020-02-02
Mainland_China_Guangxi,7.0,2020-02-03
Mainland_China_Guangxi,10.0,2020-02-04
Mainland_China_Guangxi,13.0,2020-02-05
Mainland_China_Guangxi,14.0,2020-02-06
Mainland_China_Guangxi,17.0,2020-02-07
Mainland_China_Guangxi,17.0,2020-02-08
Mainland_China_Guangxi,18.0,2020-02-09
Mainland_China_Guangxi,24.0,2020-02-10
Mainland_China_Guangxi,33.0,2020-02-11
Mainland_China_Guangxi,32.0,2020-02-12
Mainland_China_Guangxi,33.0,2020-02-13
Mainland_China_Guangxi,36,2020-02-14
Mainland_China_Guangxi,44,2020-02-15
Mainland_China_Guangxi,49,2020-02-16
Mainland_China_Guizhou,0.0,2020-01-22
Mainland_China_Guizhou,0.0,2020-01-23
Mainland_China_Guizhou,0.0,2020-01-24
Mainland_China_Guizhou,0.0,2020-01-25
Mainland_China_Guizhou,0.0,2020-01-26
Mainland_China_Guizhou,0.0,2020-01-27
Mainland_China_Guizhou,0.0,2020-01-28
Mainland_China_Guizhou,1.0,2020-01-29
Mainland_China_Guizhou,1.0,2020-01-30
Mainland_China_Guizhou,2.0,2020-01-31
Mainland_China_Guizhou,2.0,2020-02-01
Mainland_China_Guizhou,2.0,2020-02-02
Mainland_China_Guizhou,2.0,2020-02-03
Mainland_China_Guizhou,2.0,2020-02-04
Mainland_China_Guizhou,9.0,2020-02-05
Mainland_China_Guizhou,6.0,2020-02-06
Mainland_China_Guizhou,6.0,2020-02-07
Mainland_China_Guizhou,7.0,2020-02-08
Mainland_China_Guizhou,7.0,2020-02-09
Mainland_China_Guizhou,10.0,2020-02-10
Mainland_China_Guizhou,17.0,2020-02-11
Mainland_China_Guizhou,18.0,2020-02-12
Mainland_China_Guizhou,27.0,2020-02-13
Mainland_China_Guizhou,28,2020-02-14
Mainland_China_Guizhou,41,2020-02-15
Mainland_China_Guizhou,46,2020-02-16
Mainland_China_Hainan,0.0,2020-01-22
Mainland_China_Hainan,0.0,2020-01-23
Mainland_China_Hainan,0.0,2020-01-24
Mainland_China_Hainan,0.0,2020-01-25
Mainland_China_Hainan,0.0,2020-01-26
Mainland_China_Hainan,0.0,2020-01-27
Mainland_China_Hainan,0.0,2020-01-28
Mainland_China_Hainan,0.0,2020-01-29
Mainland_China_Hainan,1.0,2020-01-30
Mainland_China_Hainan,1.0,2020-01-31
Mainland_China_Hainan,1.0,2020-02-01
Mainland_China_Hainan,4.0,2020-02-02
Mainland_China_Hainan,4.0,2020-02-03
Mainland_China_Hainan,5.0,2020-02-04
Mainland_China_Hainan,5.0,2020-02-05
Mainland_China_Hainan,8.0,2020-02-06
Mainland_China_Hainan,10.0,2020-02-07
Mainland_China_Hainan,14.0,2020-02-08
Mainland_China_Hainan,19.0,2020-02-09
Mainland_China_Hainan,19.0,2020-02-10
Mainland_China_Hainan,20.0,2020-02-11
Mainland_China_Hainan,27.0,2020-02-12
Mainland_China_Hainan,30.0,2020-02-13
Mainland_China_Hainan,43,2020-02-14
Mainland_China_Hainan,39,2020-02-15
Mainland_China_Hainan,52,2020-02-16
Mainland_China_Hebei,0.0,2020-01-22
Mainland_China_Hebei,0.0,2020-01-23
Mainland_China_Hebei,0.0,2020-01-24
Mainland_China_Hebei,0.0,2020-01-25
Mainland_China_Hebei,0.0,2020-01-26
Mainland_China_Hebei,0.0,2020-01-27
Mainland_China_Hebei,0.0,2020-01-28
Mainland_China_Hebei,0.0,2020-01-29
Mainland_China_Hebei,0.0,2020-01-30
Mainland_China_Hebei,0.0,2020-01-31
Mainland_China_Hebei,0.0,2020-02-01
Mainland_China_Hebei,3.0,2020-02-02
Mainland_China_Hebei,3.0,2020-02-03
Mainland_China_Hebei,4.0,2020-02-04
Mainland_China_Hebei,6.0,2020-02-05
Mainland_China_Hebei,13.0,2020-02-06
Mainland_China_Hebei,22.0,2020-02-07
Mainland_China_Hebei,30.0,2020-02-08
Mainland_China_Hebei,34.0,2020-02-09
Mainland_China_Hebei,41.0,2020-02-10
Mainland_China_Hebei,48.0,2020-02-11
Mainland_China_Hebei,54.0,2020-02-12
Mainland_China_Hebei,68.0,2020-02-13
Mainland_China_Hebei,87,2020-02-14
Mainland_China_Hebei,101,2020-02-15
Mainland_China_Hebei,105,2020-02-16
Mainland_China_Heilongjiang,0.0,2020-01-22
Mainland_China_Heilongjiang,0.0,2020-01-23
Mainland_China_Heilongjiang,0.0,2020-01-24
Mainland_China_Heilongjiang,0.0,2020-01-25
Mainland_China_Heilongjiang,0.0,2020-01-26
Mainland_China_Heilongjiang,0.0,2020-01-27
Mainland_China_Heilongjiang,0.0,2020-01-28
Mainland_China_Heilongjiang,0.0,2020-01-29
Mainland_China_Heilongjiang,0.0,2020-01-30
Mainland_China_Heilongjiang,0.0,2020-01-31
Mainland_China_Heilongjiang,2.0,2020-02-01
Mainland_China_Heilongjiang,2.0,2020-02-02
Mainland_China_Heilongjiang,2.0,2020-02-03
Mainland_China_Heilongjiang,4.0,2020-02-04
Mainland_China_Heilongjiang,7.0,2020-02-05
Mainland_China_Heilongjiang,8.0,2020-02-06
Mainland_China_Heilongjiang,12.0,2020-02-07
Mainland_China_Heilongjiang,13.0,2020-02-08
Mainland_China_Heilongjiang,14.0,2020-02-09
Mainland_China_Heilongjiang,30.0,2020-02-10
Mainland_China_Heilongjiang,28.0,2020-02-11
Mainland_China_Heilongjiang,31.0,2020-02-12
Mainland_China_Heilongjiang,33.0,2020-02-13
Mainland_China_Heilongjiang,47,2020-02-14
Mainland_China_Heilongjiang,68,2020-02-15
Mainland_China_Heilongjiang,79,2020-02-16
Mainland_China_Henan,0.0,2020-01-22
Mainland_China_Henan,0.0,2020-01-23
Mainland_China_Henan,0.0,2020-01-24
Mainland_China_Henan,0.0,2020-01-25
Mainland_China_Henan,0.0,2020-01-26
Mainland_China_Henan,0.0,2020-01-27
Mainland_China_Henan,0.0,2020-01-28
Mainland_China_Henan,1.0,2020-01-29
Mainland_China_Henan,2.0,2020-01-30
Mainland_China_Henan,3.0,2020-01-31
Mainland_China_Henan,3.0,2020-02-01
Mainland_China_Henan,10.0,2020-02-02
Mainland_China_Henan,16.0,2020-02-03
Mainland_China_Henan,27.0,2020-02-04
Mainland_China_Henan,47.0,2020-02-05
Mainland_China_Henan,56.0,2020-02-06
Mainland_China_Henan,86.0,2020-02-07
Mainland_China_Henan,116.0,2020-02-08
Mainland_China_Henan,153.0,2020-02-09
Mainland_China_Henan,191.0,2020-02-10
Mainland_China_Henan,218.0,2020-02-11
Mainland_China_Henan,246.0,2020-02-12
Mainland_China_Henan,296.0,2020-02-13
Mainland_China_Henan,357,2020-02-14
Mainland_China_Henan,391,2020-02-15
Mainland_China_Henan,440,2020-02-16
Mainland_China_Hubei,28.0,2020-01-22
Mainland_China_Hubei,28.0,2020-01-23
Mainland_China_Hubei,31.0,2020-01-24
Mainland_China_Hubei,32.0,2020-01-25
Mainland_China_Hubei,42.0,2020-01-26
Mainland_China_Hubei,45.0,2020-01-27
Mainland_China_Hubei,80.0,2020-01-28
Mainland_China_Hubei,88.0,2020-01-29
Mainland_China_Hubei,90.0,2020-01-30
Mainland_China_Hubei,141.0,2020-01-31
Mainland_China_Hubei,168.0,2020-02-01
Mainland_China_Hubei,295.0,2020-02-02
Mainland_China_Hubei,386.0,2020-02-03
Mainland_China_Hubei,522.0,2020-02-04
Mainland_China_Hubei,633.0,2020-02-05
Mainland_China_Hubei,817.0,2020-02-06
Mainland_China_Hubei,1115.0,2020-02-07
Mainland_China_Hubei,1439.0,2020-02-08
Mainland_China_Hubei,1795.0,2020-02-09
Mainland_China_Hubei,2222.0,2020-02-10
Mainland_China_Hubei,2639.0,2020-02-11
Mainland_China_Hubei,2686.0,2020-02-12
Mainland_China_Hubei,3459.0,2020-02-13
Mainland_China_Hubei,4774,2020-02-14
Mainland_China_Hubei,5623,2020-02-15
Mainland_China_Hubei,6639,2020-02-16
Mainland_China_Hunan,0.0,2020-01-22
Mainland_China_Hunan,0.0,2020-01-23
Mainland_China_Hunan,0.0,2020-01-24
Mainland_China_Hunan,0.0,2020-01-25
Mainland_China_Hunan,0.0,2020-01-26
Mainland_China_Hunan,0.0,2020-01-27
Mainland_China_Hunan,0.0,2020-01-28
Mainland_China_Hunan,0.0,2020-01-29
Mainland_China_Hunan,2.0,2020-01-30
Mainland_China_Hunan,2.0,2020-01-31
Mainland_China_Hunan,8.0,2020-02-01
Mainland_China_Hunan,16.0,2020-02-02
Mainland_China_Hunan,22.0,2020-02-03
Mainland_China_Hunan,31.0,2020-02-04
Mainland_China_Hunan,54.0,2020-02-05
Mainland_China_Hunan,81.0,2020-02-06
Mainland_China_Hunan,112.0,2020-02-07
Mainland_China_Hunan,156.0,2020-02-08
Mainland_China_Hunan,186.0,2020-02-09
Mainland_China_Hunan,208.0,2020-02-10
Mainland_China_Hunan,247.0,2020-02-11
Mainland_China_Hunan,304.0,2020-02-12
Mainland_China_Hunan,339.0,2020-02-13
Mainland_China_Hunan,364,2020-02-14
Mainland_China_Hunan,425,2020-02-15
Mainland_China_Hunan,464,2020-02-16
Mainland_China_Inner_Mongolia,0.0,2020-01-22
Mainland_China_Inner_Mongolia,0.0,2020-01-23
Mainland_China_Inner_Mongolia,0.0,2020-01-24
Mainland_China_Inner_Mongolia,0.0,2020-01-25
Mainland_China_Inner_Mongolia,0.0,2020-01-26
Mainland_China_Inner_Mongolia,0.0,2020-01-27
Mainland_China_Inner_Mongolia,0.0,2020-01-28
Mainland_China_Inner_Mongolia,0.0,2020-01-29
Mainland_China_Inner_Mongolia,0.0,2020-01-30
Mainland_China_Inner_Mongolia,1.0,2020-01-31
Mainland_China_Inner_Mongolia,1.0,2020-02-01
Mainland_China_Inner_Mongolia,1.0,2020-02-02
Mainland_China_Inner_Mongolia,1.0,2020-02-03
Mainland_China_Inner_Mongolia,1.0,2020-02-04
Mainland_China_Inner_Mongolia,3.0,2020-02-05
Mainland_China_Inner_Mongolia,4.0,2020-02-06
Mainland_China_Inner_Mongolia,5.0,2020-02-07
Mainland_China_Inner_Mongolia,5.0,2020-02-08
Mainland_China_Inner_Mongolia,5.0,2020-02-09
Mainland_China_Inner_Mongolia,5.0,2020-02-10
Mainland_China_Inner_Mongolia,5.0,2020-02-11
Mainland_China_Inner_Mongolia,6.0,2020-02-12
Mainland_China_Inner_Mongolia,6.0,2020-02-13
Mainland_China_Inner_Mongolia,6,2020-02-14
Mainland_China_Inner_Mongolia,7,2020-02-15
Mainland_China_Inner_Mongolia,8,2020-02-16
Mainland_China_Jiangsu,0.0,2020-01-22
Mainland_China_Jiangsu,0.0,2020-01-23
Mainland_China_Jiangsu,0.0,2020-01-24
Mainland_China_Jiangsu,1.0,2020-01-25
Mainland_China_Jiangsu,1.0,2020-01-26
Mainland_China_Jiangsu,1.0,2020-01-27
Mainland_China_Jiangsu,1.0,2020-01-28
Mainland_China_Jiangsu,1.0,2020-01-29
Mainland_China_Jiangsu,1.0,2020-01-30
Mainland_China_Jiangsu,5.0,2020-01-31
Mainland_China_Jiangsu,6.0,2020-02-01
Mainland_China_Jiangsu,7.0,2020-02-02
Mainland_China_Jiangsu,8.0,2020-02-03
Mainland_China_Jiangsu,12.0,2020-02-04
Mainland_China_Jiangsu,23.0,2020-02-05
Mainland_China_Jiangsu,34.0,2020-02-06
Mainland_China_Jiangsu,43.0,2020-02-07
Mainland_China_Jiangsu,51.0,2020-02-08
Mainland_China_Jiangsu,71.0,2020-02-09
Mainland_China_Jiangsu,81.0,2020-02-10
Mainland_China_Jiangsu,93.0,2020-02-11
Mainland_China_Jiangsu,125.0,2020-02-12
Mainland_China_Jiangsu,139.0,2020-02-13
Mainland_China_Jiangsu,157,2020-02-14
Mainland_China_Jiangsu,186,2020-02-15
Mainland_China_Jiangsu,218,2020-02-16
Mainland_China_Jiangxi,0.0,2020-01-22
Mainland_China_Jiangxi,0.0,2020-01-23
Mainland_China_Jiangxi,0.0,2020-01-24
Mainland_China_Jiangxi,0.0,2020-01-25
Mainland_China_Jiangxi,0.0,2020-01-26
Mainland_China_Jiangxi,2.0,2020-01-27
Mainland_China_Jiangxi,3.0,2020-01-28
Mainland_China_Jiangxi,3.0,2020-01-29
Mainland_China_Jiangxi,5.0,2020-01-30
Mainland_China_Jiangxi,7.0,2020-01-31
Mainland_China_Jiangxi,9.0,2020-02-01
Mainland_China_Jiangxi,12.0,2020-02-02
Mainland_China_Jiangxi,18.0,2020-02-03
Mainland_China_Jiangxi,20.0,2020-02-04
Mainland_China_Jiangxi,27.0,2020-02-05
Mainland_China_Jiangxi,37.0,2020-02-06
Mainland_China_Jiangxi,45.0,2020-02-07
Mainland_China_Jiangxi,55.0,2020-02-08
Mainland_China_Jiangxi,73.0,2020-02-09
Mainland_China_Jiangxi,105.0,2020-02-10
Mainland_China_Jiangxi,128.0,2020-02-11
Mainland_China_Jiangxi,152.0,2020-02-12
Mainland_China_Jiangxi,170.0,2020-02-13
Mainland_China_Jiangxi,187,2020-02-14
Mainland_China_Jiangxi,210,2020-02-15
Mainland_China_Jiangxi,240,2020-02-16
Mainland_China_Jilin,0.0,2020-01-22
Mainland_China_Jilin,0.0,2020-01-23
Mainland_China_Jilin,0.0,2020-01-24
Mainland_China_Jilin,0.0,2020-01-25
Mainland_China_Jilin,0.0,2020-01-26
Mainland_China_Jilin,0.0,2020-01-27
Mainland_China_Jilin,0.0,2020-01-28
Mainland_China_Jilin,0.0,2020-01-29
Mainland_China_Jilin,1.0,2020-01-30
Mainland_China_Jilin,1.0,2020-01-31
Mainland_China_Jilin,1.0,2020-02-01
Mainland_China_Jilin,1.0,2020-02-02
Mainland_China_Jilin,1.0,2020-02-03
Mainland_China_Jilin,1.0,2020-02-04
Mainland_China_Jilin,2.0,2020-02-05
Mainland_China_Jilin,4.0,2020-02-06
Mainland_China_Jilin,4.0,2020-02-07
Mainland_China_Jilin,4.0,2020-02-08
Mainland_China_Jilin,12.0,2020-02-09
Mainland_China_Jilin,13.0,2020-02-10
Mainland_China_Jilin,18.0,2020-02-11
Mainland_China_Jilin,22.0,2020-02-12
Mainland_China_Jilin,24.0,2020-02-13
Mainland_China_Jilin,25,2020-02-14
Mainland_China_Jilin,26,2020-02-15
Mainland_China_Jilin,30,2020-02-16
Mainland_China_Liaoning,0.0,2020-01-22
Mainland_China_Liaoning,0.0,2020-01-23
Mainland_China_Liaoning,0.0,2020-01-24
Mainland_China_Liaoning,0.0,2020-01-25
Mainland_China_Liaoning,0.0,2020-01-26
Mainland_China_Liaoning,0.0,2020-01-27
Mainland_China_Liaoning,0.0,2020-01-28
Mainland_China_Liaoning,1.0,2020-01-29
Mainland_China_Liaoning,1.0,2020-01-30
Mainland_China_Liaoning,1.0,2020-01-31
Mainland_China_Liaoning,1.0,2020-02-01
Mainland_China_Liaoning,1.0,2020-02-02
Mainland_China_Liaoning,1.0,2020-02-03
Mainland_China_Liaoning,2.0,2020-02-04
Mainland_China_Liaoning,4.0,2020-02-05
Mainland_China_Liaoning,5.0,2020-02-06
Mainland_China_Liaoning,7.0,2020-02-07
Mainland_China_Liaoning,8.0,2020-02-08
Mainland_China_Liaoning,12.0,2020-02-09
Mainland_China_Liaoning,13.0,2020-02-10
Mainland_China_Liaoning,19.0,2020-02-11
Mainland_China_Liaoning,20.0,2020-02-12
Mainland_China_Liaoning,22.0,2020-02-13
Mainland_China_Liaoning,29,2020-02-14
Mainland_China_Liaoning,31,2020-02-15
Mainland_China_Liaoning,40,2020-02-16
Mainland_China_Ningxia,0.0,2020-01-22
Mainland_China_Ningxia,0.0,2020-01-23
Mainland_China_Ningxia,0.0,2020-01-24
Mainland_China_Ningxia,0.0,2020-01-25
Mainland_China_Ningxia,0.0,2020-01-26
Mainland_China_Ningxia,0.0,2020-01-27
Mainland_China_Ningxia,0.0,2020-01-28
Mainland_China_Ningxia,0.0,2020-01-29
Mainland_China_Ningxia,0.0,2020-01-30
Mainland_China_Ningxia,0.0,2020-01-31
Mainland_China_Ningxia,0.0,2020-02-01
Mainland_China_Ningxia,0.0,2020-02-02
Mainland_China_Ningxia,1.0,2020-02-03
Mainland_China_Ningxia,1.0,2020-02-04
Mainland_China_Ningxia,1.0,2020-02-05
Mainland_China_Ningxia,1.0,2020-02-06
Mainland_China_Ningxia,5.0,2020-02-07
Mainland_China_Ningxia,15.0,2020-02-08
Mainland_China_Ningxia,13.0,2020-02-09
Mainland_China_Ningxia,13.0,2020-02-10
Mainland_China_Ningxia,22.0,2020-02-11
Mainland_China_Ningxia,24.0,2020-02-12
Mainland_China_Ningxia,24.0,2020-02-13
Mainland_China_Ningxia,24,2020-02-14
Mainland_China_Ningxia,33,2020-02-15
Mainland_China_Ningxia,33,2020-02-16
Mainland_China_Qinghai,0.0,2020-01-22
Mainland_China_Qinghai,0.0,2020-01-23
Mainland_China_Qinghai,0.0,2020-01-24
Mainland_China_Qinghai,0.0,2020-01-25
Mainland_China_Qinghai,0.0,2020-01-26
Mainland_China_Qinghai,0.0,2020-01-27
Mainland_China_Qinghai,0.0,2020-01-28
Mainland_China_Qinghai,0.0,2020-01-29
Mainland_China_Qinghai,0.0,2020-01-30
Mainland_China_Qinghai,0.0,2020-01-31
Mainland_China_Qinghai,0.0,2020-02-01
Mainland_China_Qinghai,0.0,2020-02-02
Mainland_China_Qinghai,0.0,2020-02-03
Mainland_China_Qinghai,0.0,2020-02-04
Mainland_China_Qinghai,3.0,2020-02-05
Mainland_China_Qinghai,3.0,2020-02-06
Mainland_China_Qinghai,3.0,2020-02-07
Mainland_China_Qinghai,3.0,2020-02-08
Mainland_China_Qinghai,3.0,2020-02-09
Mainland_China_Qinghai,3.0,2020-02-10
Mainland_China_Qinghai,5.0,2020-02-11
Mainland_China_Qinghai,9.0,2020-02-12
Mainland_China_Qinghai,11.0,2020-02-13
Mainland_China_Qinghai,11,2020-02-14
Mainland_China_Qinghai,13,2020-02-15
Mainland_China_Qinghai,13,2020-02-16
Mainland_China_Shaanxi,0.0,2020-01-22
Mainland_China_Shaanxi,0.0,2020-01-23
Mainland_China_Shaanxi,0.0,2020-01-24
Mainland_China_Shaanxi,0.0,2020-01-25
Mainland_China_Shaanxi,0.0,2020-01-26
Mainland_China_Shaanxi,0.0,2020-01-27
Mainland_China_Shaanxi,0.0,2020-01-28
Mainland_China_Shaanxi,0.0,2020-01-29
Mainland_China_Shaanxi,0.0,2020-01-30
Mainland_China_Shaanxi,0.0,2020-01-31
Mainland_China_Shaanxi,0.0,2020-02-01
Mainland_China_Shaanxi,0.0,2020-02-02
Mainland_China_Shaanxi,0.0,2020-02-03
Mainland_China_Shaanxi,2.0,2020-02-04
Mainland_China_Shaanxi,6.0,2020-02-05
Mainland_China_Shaanxi,9.0,2020-02-06
Mainland_China_Shaanxi,17.0,2020-02-07
Mainland_China_Shaanxi,20.0,2020-02-08
Mainland_China_Shaanxi,25.0,2020-02-09
Mainland_China_Shaanxi,30.0,2020-02-10
Mainland_China_Shaanxi,32.0,2020-02-11
Mainland_China_Shaanxi,43.0,2020-02-12
Mainland_China_Shaanxi,46.0,2020-02-13
Mainland_China_Shaanxi,54,2020-02-14
Mainland_China_Shaanxi,60,2020-02-15
Mainland_China_Shaanxi,71,2020-02-16
Mainland_China_Shandong,0.0,2020-01-22
Mainland_China_Shandong,0.0,2020-01-23
Mainland_China_Shandong,0.0,2020-01-24
Mainland_China_Shandong,0.0,2020-01-25
Mainland_China_Shandong,0.0,2020-01-26
Mainland_China_Shandong,0.0,2020-01-27
Mainland_China_Shandong,0.0,2020-01-28
Mainland_China_Shandong,1.0,2020-01-29
Mainland_China_Shandong,1.0,2020-01-30
Mainland_China_Shandong,2.0,2020-01-31
Mainland_China_Shandong,3.0,2020-02-01
Mainland_China_Shandong,6.0,2020-02-02
Mainland_China_Shandong,7.0,2020-02-03
Mainland_China_Shandong,11.0,2020-02-04
Mainland_China_Shandong,15.0,2020-02-05
Mainland_China_Shandong,27.0,2020-02-06
Mainland_China_Shandong,37.0,2020-02-07
Mainland_China_Shandong,44.0,2020-02-08
Mainland_China_Shandong,63.0,2020-02-09
Mainland_China_Shandong,66.0,2020-02-10
Mainland_China_Shandong,80.0,2020-02-11
Mainland_China_Shandong,92.0,2020-02-12
Mainland_China_Shandong,105.0,2020-02-13
Mainland_China_Shandong,136,2020-02-14
Mainland_China_Shandong,156,2020-02-15
Mainland_China_Shandong,173,2020-02-16
Mainland_China_Shanghai,0.0,2020-01-22
Mainland_China_Shanghai,0.0,2020-01-23
Mainland_China_Shanghai,1.0,2020-01-24
Mainland_China_Shanghai,1.0,2020-01-25
Mainland_China_Shanghai,1.0,2020-01-26
Mainland_China_Shanghai,3.0,2020-01-27
Mainland_China_Shanghai,4.0,2020-01-28
Mainland_China_Shanghai,5.0,2020-01-29
Mainland_China_Shanghai,5.0,2020-01-30
Mainland_China_Shanghai,9.0,2020-01-31
Mainland_China_Shanghai,10.0,2020-02-01
Mainland_China_Shanghai,10.0,2020-02-02
Mainland_China_Shanghai,10.0,2020-02-03
Mainland_China_Shanghai,12.0,2020-02-04
Mainland_China_Shanghai,15.0,2020-02-05
Mainland_China_Shanghai,25.0,2020-02-06
Mainland_China_Shanghai,30.0,2020-02-07
Mainland_China_Shanghai,41.0,2020-02-08
Mainland_China_Shanghai,44.0,2020-02-09
Mainland_China_Shanghai,48.0,2020-02-10
Mainland_China_Shanghai,52.0,2020-02-11
Mainland_China_Shanghai,57.0,2020-02-12
Mainland_China_Shanghai,62.0,2020-02-13
Mainland_China_Shanghai,90,2020-02-14
Mainland_China_Shanghai,124,2020-02-15
Mainland_China_Shanghai,140,2020-02-16
Mainland_China_Shanxi,0.0,2020-01-22
Mainland_China_Shanxi,0.0,2020-01-23
Mainland_China_Shanxi,0.0,2020-01-24
Mainland_China_Shanxi,0.0,2020-01-25
Mainland_China_Shanxi,0.0,2020-01-26
Mainland_China_Shanxi,0.0,2020-01-27
Mainland_China_Shanxi,0.0,2020-01-28
Mainland_China_Shanxi,1.0,2020-01-29
Mainland_China_Shanxi,1.0,2020-01-30
Mainland_China_Shanxi,1.0,2020-01-31
Mainland_China_Shanxi,1.0,2020-02-01
Mainland_China_Shanxi,3.0,2020-02-02
Mainland_China_Shanxi,2.0,2020-02-03
Mainland_China_Shanxi,4.0,2020-02-04
Mainland_China_Shanxi,5.0,2020-02-05
Mainland_China_Shanxi,12.0,2020-02-06
Mainland_China_Shanxi,15.0,2020-02-07
Mainland_China_Shanxi,21.0,2020-02-08
Mainland_China_Shanxi,25.0,2020-02-09
Mainland_China_Shanxi,25.0,2020-02-10
Mainland_China_Shanxi,30.0,2020-02-11
Mainland_China_Shanxi,33.0,2020-02-12
Mainland_China_Shanxi,36.0,2020-02-13
Mainland_China_Shanxi,38,2020-02-14
Mainland_China_Shanxi,46,2020-02-15
Mainland_China_Shanxi,50,2020-02-16
Mainland_China_Sichuan,0.0,2020-01-22
Mainland_China_Sichuan,0.0,2020-01-23
Mainland_China_Sichuan,0.0,2020-01-24
Mainland_China_Sichuan,0.0,2020-01-25
Mainland_China_Sichuan,0.0,2020-01-26
Mainland_China_Sichuan,0.0,2020-01-27
Mainland_China_Sichuan,0.0,2020-01-28
Mainland_China_Sichuan,1.0,2020-01-29
Mainland_China_Sichuan,1.0,2020-01-30
Mainland_China_Sichuan,1.0,2020-01-31
Mainland_China_Sichuan,3.0,2020-02-01
Mainland_China_Sichuan,11.0,2020-02-02
Mainland_China_Sichuan,14.0,2020-02-03
Mainland_China_Sichuan,14.0,2020-02-04
Mainland_China_Sichuan,24.0,2020-02-05
Mainland_China_Sichuan,31.0,2020-02-06
Mainland_China_Sichuan,42.0,2020-02-07
Mainland_China_Sichuan,60.0,2020-02-08
Mainland_China_Sichuan,71.0,2020-02-09
Mainland_China_Sichuan,80.0,2020-02-10
Mainland_China_Sichuan,85.0,2020-02-11
Mainland_China_Sichuan,92.0,2020-02-12
Mainland_China_Sichuan,104.0,2020-02-13
Mainland_China_Sichuan,114,2020-02-14
Mainland_China_Sichuan,119,2020-02-15
Mainland_China_Sichuan,131,2020-02-16
Mainland_China_Tianjin,0.0,2020-01-22
Mainland_China_Tianjin,0.0,2020-01-23
Mainland_China_Tianjin,0.0,2020-01-24
Mainland_China_Tianjin,0.0,2020-01-25
Mainland_China_Tianjin,0.0,2020-01-26
Mainland_China_Tianjin,0.0,2020-01-27
Mainland_China_Tianjin,0.0,2020-01-28
Mainland_China_Tianjin,0.0,2020-01-29
Mainland_China_Tianjin,0.0,2020-01-30
Mainland_China_Tianjin,0.0,2020-01-31
Mainland_China_Tianjin,0.0,2020-02-01
Mainland_China_Tianjin,1.0,2020-02-02
Mainland_China_Tianjin,1.0,2020-02-03
Mainland_China_Tianjin,2.0,2020-02-04
Mainland_China_Tianjin,2.0,2020-02-05
Mainland_China_Tianjin,2.0,2020-02-06
Mainland_China_Tianjin,2.0,2020-02-07
Mainland_China_Tianjin,4.0,2020-02-08
Mainland_China_Tianjin,4.0,2020-02-09
Mainland_China_Tianjin,8.0,2020-02-10
Mainland_China_Tianjin,10.0,2020-02-11
Mainland_China_Tianjin,11.0,2020-02-12
Mainland_China_Tianjin,21.0,2020-02-13
Mainland_China_Tianjin,31,2020-02-14
Mainland_China_Tianjin,37,2020-02-15
Mainland_China_Tianjin,45,2020-02-16
Mainland_China_Tibet,0.0,2020-01-22
Mainland_China_Tibet,0.0,2020-01-23
Mainland_China_Tibet,0.0,2020-01-24
Mainland_China_Tibet,0.0,2020-01-25
Mainland_China_Tibet,0.0,2020-01-26
Mainland_China_Tibet,0.0,2020-01-27
Mainland_China_Tibet,0.0,2020-01-28
Mainland_China_Tibet,0.0,2020-01-29
Mainland_China_Tibet,0.0,2020-01-30
Mainland_China_Tibet,0.0,2020-01-31
Mainland_China_Tibet,0.0,2020-02-01
Mainland_China_Tibet,0.0,2020-02-02
Mainland_China_Tibet,0.0,2020-02-03
Mainland_China_Tibet,0.0,2020-02-04
Mainland_China_Tibet,0.0,2020-02-05
Mainland_China_Tibet,0.0,2020-02-06
Mainland_China_Tibet,0.0,2020-02-07
Mainland_China_Tibet,0.0,2020-02-08
Mainland_China_Tibet,0.0,2020-02-09
Mainland_China_Tibet,0.0,2020-02-10
Mainland_China_Tibet,0.0,2020-02-11
Mainland_China_Tibet,1.0,2020-02-12
Mainland_China_Tibet,1.0,2020-02-13
Mainland_China_Tibet,1,2020-02-14
Mainland_China_Tibet,1,2020-02-15
Mainland_China_Tibet,1,2020-02-16
Mainland_China_Xinjiang,0.0,2020-01-22
Mainland_China_Xinjiang,0.0,2020-01-23
Mainland_China_Xinjiang,0.0,2020-01-24
Mainland_China_Xinjiang,0.0,2020-01-25
Mainland_China_Xinjiang,0.0,2020-01-26
Mainland_China_Xinjiang,0.0,2020-01-27
Mainland_China_Xinjiang,0.0,2020-01-28
Mainland_China_Xinjiang,0.0,2020-01-29
Mainland_China_Xinjiang,0.0,2020-01-30
Mainland_China_Xinjiang,0.0,2020-01-31
Mainland_China_Xinjiang,0.0,2020-02-01
Mainland_China_Xinjiang,0.0,2020-02-02
Mainland_China_Xinjiang,0.0,2020-02-03
Mainland_China_Xinjiang,0.0,2020-02-04
Mainland_China_Xinjiang,0.0,2020-02-05
Mainland_China_Xinjiang,0.0,2020-02-06
Mainland_China_Xinjiang,0.0,2020-02-07
Mainland_China_Xinjiang,0.0,2020-02-08
Mainland_China_Xinjiang,0.0,2020-02-09
Mainland_China_Xinjiang,0.0,2020-02-10
Mainland_China_Xinjiang,3.0,2020-02-11
Mainland_China_Xinjiang,3.0,2020-02-12
Mainland_China_Xinjiang,6.0,2020-02-13
Mainland_China_Xinjiang,6,2020-02-14
Mainland_China_Xinjiang,10,2020-02-15
Mainland_China_Xinjiang,12,2020-02-16
Mainland_China_Yunnan,0.0,2020-01-22
Mainland_China_Yunnan,0.0,2020-01-23
Mainland_China_Yunnan,0.0,2020-01-24
Mainland_China_Yunnan,0.0,2020-01-25
Mainland_China_Yunnan,0.0,2020-01-26
Mainland_China_Yunnan,0.0,2020-01-27
Mainland_China_Yunnan,0.0,2020-01-28
Mainland_China_Yunnan,0.0,2020-01-29
Mainland_China_Yunnan,0.0,2020-01-30
Mainland_China_Yunnan,1.0,2020-01-31
Mainland_China_Yunnan,2.0,2020-02-01
Mainland_China_Yunnan,3.0,2020-02-02
Mainland_China_Yunnan,5.0,2020-02-03
Mainland_China_Yunnan,5.0,2020-02-04
Mainland_China_Yunnan,5.0,2020-02-05
Mainland_China_Yunnan,7.0,2020-02-06
Mainland_China_Yunnan,12.0,2020-02-07
Mainland_China_Yunnan,17.0,2020-02-08
Mainland_China_Yunnan,18.0,2020-02-09
Mainland_China_Yunnan,19.0,2020-02-10
Mainland_China_Yunnan,20.0,2020-02-11
Mainland_China_Yunnan,26.0,2020-02-12
Mainland_China_Yunnan,27.0,2020-02-13
Mainland_China_Yunnan,36,2020-02-14
Mainland_China_Yunnan,42,2020-02-15
Mainland_China_Yunnan,42,2020-02-16
Mainland_China_Zhejiang,0.0,2020-01-22
Mainland_China_Zhejiang,0.0,2020-01-23
Mainland_China_Zhejiang,1.0,2020-01-24
Mainland_China_Zhejiang,1.0,2020-01-25
Mainland_China_Zhejiang,1.0,2020-01-26
Mainland_China_Zhejiang,1.0,2020-01-27
Mainland_China_Zhejiang,3.0,2020-01-28
Mainland_China_Zhejiang,3.0,2020-01-29
Mainland_China_Zhejiang,4.0,2020-01-30
Mainland_China_Zhejiang,14.0,2020-01-31
Mainland_China_Zhejiang,21.0,2020-02-01
Mainland_China_Zhejiang,32.0,2020-02-02
Mainland_China_Zhejiang,43.0,2020-02-03
Mainland_China_Zhejiang,62.0,2020-02-04
Mainland_China_Zhejiang,78.0,2020-02-05
Mainland_China_Zhejiang,94.0,2020-02-06
Mainland_China_Zhejiang,123.0,2020-02-07
Mainland_China_Zhejiang,175.0,2020-02-08
Mainland_China_Zhejiang,201.0,2020-02-09
Mainland_China_Zhejiang,242.0,2020-02-10
Mainland_China_Zhejiang,270.0,2020-02-11
Mainland_China_Zhejiang,321.0,2020-02-12
Mainland_China_Zhejiang,360.0,2020-02-13
Mainland_China_Zhejiang,403,2020-02-14
Mainland_China_Zhejiang,428,2020-02-15
Mainland_China_Zhejiang,456,2020-02-16
Thailand_nan,0.0,2020-01-22
Thailand_nan,0.0,2020-01-23
Thailand_nan,0.0,2020-01-24
Thailand_nan,0.0,2020-01-25
Thailand_nan,2.0,2020-01-26
Thailand_nan,2.0,2020-01-27
Thailand_nan,5.0,2020-01-28
Thailand_nan,5.0,2020-01-29
Thailand_nan,5.0,2020-01-30
Thailand_nan,5.0,2020-01-31
Thailand_nan,5.0,2020-02-01
Thailand_nan,5.0,2020-02-02
Thailand_nan,5.0,2020-02-03
Thailand_nan,5.0,2020-02-04
Thailand_nan,5.0,2020-02-05
Thailand_nan,5.0,2020-02-06
Thailand_nan,5.0,2020-02-07
Thailand_nan,10.0,2020-02-08
Thailand_nan,10.0,2020-02-09
Thailand_nan,10.0,2020-02-10
Thailand_nan,10.0,2020-02-11
Thailand_nan,10.0,2020-02-12
Thailand_nan,12.0,2020-02-13
Thailand_nan,12,2020-02-14
Thailand_nan,12,2020-02-15
Thailand_nan,14,2020-02-16
Japan_nan,0.0,2020-01-22
Japan_nan,0.0,2020-01-23
Japan_nan,0.0,2020-01-24
Japan_nan,0.0,2020-01-25
Japan_nan,1.0,2020-01-26
Japan_nan,1.0,2020-01-27
Japan_nan,1.0,2020-01-28
Japan_nan,1.0,2020-01-29
Japan_nan,1.0,2020-01-30
Japan_nan,1.0,2020-01-31
Japan_nan,1.0,2020-02-01
Japan_nan,1.0,2020-02-02
Japan_nan,1.0,2020-02-03
Japan_nan,1.0,2020-02-04
Japan_nan,1.0,2020-02-05
Japan_nan,1.0,2020-02-06
Japan_nan,1.0,2020-02-07
Japan_nan,1.0,2020-02-08
Japan_nan,1.0,2020-02-09
Japan_nan,4.0,2020-02-10
Japan_nan,9.0,2020-02-11
Japan_nan,9.0,2020-02-12
Japan_nan,9.0,2020-02-13
Japan_nan,9,2020-02-14
Japan_nan,12,2020-02-15
Japan_nan,12,2020-02-16
South_Korea_nan,0.0,2020-01-22
South_Korea_nan,0.0,2020-01-23
South_Korea_nan,0.0,2020-01-24
South_Korea_nan,0.0,2020-01-25
South_Korea_nan,0.0,2020-01-26
South_Korea_nan,0.0,2020-01-27
South_Korea_nan,0.0,2020-01-28
South_Korea_nan,0.0,2020-01-29
South_Korea_nan,0.0,2020-01-30
South_Korea_nan,0.0,2020-01-31
South_Korea_nan,0.0,2020-02-01
South_Korea_nan,0.0,2020-02-02
South_Korea_nan,0.0,2020-02-03
South_Korea_nan,0.0,2020-02-04
South_Korea_nan,0.0,2020-02-05
South_Korea_nan,0.0,2020-02-06
South_Korea_nan,1.0,2020-02-07
South_Korea_nan,1.0,2020-02-08
South_Korea_nan,3.0,2020-02-09
South_Korea_nan,3.0,2020-02-10
South_Korea_nan,3.0,2020-02-11
South_Korea_nan,7.0,2020-02-12
South_Korea_nan,7.0,2020-02-13
South_Korea_nan,7,2020-02-14
South_Korea_nan,9,2020-02-15
South_Korea_nan,9,2020-02-16
Taiwan_Taiwan,0.0,2020-01-22
Taiwan_Taiwan,0.0,2020-01-23
Taiwan_Taiwan,0.0,2020-01-24
Taiwan_Taiwan,0.0,2020-01-25
Taiwan_Taiwan,0.0,2020-01-26
Taiwan_Taiwan,0.0,2020-01-27
Taiwan_Taiwan,0.0,2020-01-28
Taiwan_Taiwan,0.0,2020-01-29
Taiwan_Taiwan,0.0,2020-01-30
Taiwan_Taiwan,0.0,2020-01-31
Taiwan_Taiwan,0.0,2020-02-01
Taiwan_Taiwan,0.0,2020-02-02
Taiwan_Taiwan,0.0,2020-02-03
Taiwan_Taiwan,0.0,2020-02-04
Taiwan_Taiwan,0.0,2020-02-05
Taiwan_Taiwan,1.0,2020-02-06
Taiwan_Taiwan,1.0,2020-02-07
Taiwan_Taiwan,1.0,2020-02-08
Taiwan_Taiwan,1.0,2020-02-09
Taiwan_Taiwan,1.0,2020-02-10
Taiwan_Taiwan,1.0,2020-02-11
Taiwan_Taiwan,1.0,2020-02-12
Taiwan_Taiwan,1.0,2020-02-13
Taiwan_Taiwan,2,2020-02-14
Taiwan_Taiwan,2,2020-02-15
Taiwan_Taiwan,2,2020-02-16
US_Seattle__WA,0.0,2020-01-22
US_Seattle__WA,0.0,2020-01-23
US_Seattle__WA,0.0,2020-01-24
US_Seattle__WA,0.0,2020-01-25
US_Seattle__WA,0.0,2020-01-26
US_Seattle__WA,0.0,2020-01-27
US_Seattle__WA,0.0,2020-01-28
US_Seattle__WA,0.0,2020-01-29
US_Seattle__WA,0.0,2020-01-30
US_Seattle__WA,0.0,2020-01-31
US_Seattle__WA,0.0,2020-02-01
US_Seattle__WA,0.0,2020-02-02
US_Seattle__WA,0.0,2020-02-03
US_Seattle__WA,0.0,2020-02-04
US_Seattle__WA,0.0,2020-02-05
US_Seattle__WA,0.0,2020-02-06
US_Seattle__WA,0.0,2020-02-07
US_Seattle__WA,0.0,2020-02-08
US_Seattle__WA,1.0,2020-02-09
US_Seattle__WA,1.0,2020-02-10
US_Seattle__WA,1.0,2020-02-11
US_Seattle__WA,1.0,2020-02-12
US_Seattle__WA,1.0,2020-02-13
US_Seattle__WA,1,2020-02-14
US_Seattle__WA,1,2020-02-15
US_Seattle__WA,1,2020-02-16
US_Chicago__IL,0.0,2020-01-22
US_Chicago__IL,0.0,2020-01-23
US_Chicago__IL,0.0,2020-01-24
US_Chicago__IL,0.0,2020-01-25
US_Chicago__IL,0.0,2020-01-26
US_Chicago__IL,0.0,2020-01-27
US_Chicago__IL,0.0,2020-01-28
US_Chicago__IL,0.0,2020-01-29
US_Chicago__IL,0.0,2020-01-30
US_Chicago__IL,0.0,2020-01-31
US_Chicago__IL,0.0,2020-02-01
US_Chicago__IL,0.0,2020-02-02
US_Chicago__IL,0.0,2020-02-03
US_Chicago__IL,0.0,2020-02-04
US_Chicago__IL,0.0,2020-02-05
US_Chicago__IL,0.0,2020-02-06
US_Chicago__IL,0.0,2020-02-07
US_Chicago__IL,0.0,2020-02-08
US_Chicago__IL,2.0,2020-02-09
US_Chicago__IL,2.0,2020-02-10
US_Chicago__IL,2.0,2020-02-11
US_Chicago__IL,2.0,2020-02-12
US_Chicago__IL,2.0,2020-02-13
US_Chicago__IL,2,2020-02-14
US_Chicago__IL,2,2020-02-15
US_Chicago__IL,2,2020-02-16
US_Tempe__AZ,0.0,2020-01-22
US_Tempe__AZ,0.0,2020-01-23
US_Tempe__AZ,0.0,2020-01-24
US_Tempe__AZ,0.0,2020-01-25
US_Tempe__AZ,0.0,2020-01-26
US_Tempe__AZ,0.0,2020-01-27
US_Tempe__AZ,0.0,2020-01-28
US_Tempe__AZ,0.0,2020-01-29
US_Tempe__AZ,0.0,2020-01-30
US_Tempe__AZ,0.0,2020-01-31
US_Tempe__AZ,0.0,2020-02-01
US_Tempe__AZ,0.0,2020-02-02
US_Tempe__AZ,0.0,2020-02-03
US_Tempe__AZ,0.0,2020-02-04
US_Tempe__AZ,0.0,2020-02-05
US_Tempe__AZ,0.0,2020-02-06
US_Tempe__AZ,0.0,2020-02-07
US_Tempe__AZ,0.0,2020-02-08
US_Tempe__AZ,0.0,2020-02-09
US_Tempe__AZ,0.0,2020-02-10
US_Tempe__AZ,0.0,2020-02-11
US_Tempe__AZ,0.0,2020-02-12
US_Tempe__AZ,0.0,2020-02-13
US_Tempe__AZ,0,2020-02-14
US_Tempe__AZ,0,2020-02-15
US_Tempe__AZ,0,2020-02-16
Macau_Macau,0.0,2020-01-22
Macau_Macau,0.0,2020-01-23
Macau_Macau,0.0,2020-01-24
Macau_Macau,0.0,2020-01-25
Macau_Macau,0.0,2020-01-26
Macau_Macau,0.0,2020-01-27
Macau_Macau,0.0,2020-01-28
Macau_Macau,0.0,2020-01-29
Macau_Macau,0.0,2020-01-30
Macau_Macau,0.0,2020-01-31
Macau_Macau,0.0,2020-02-01
Macau_Macau,0.0,2020-02-02
Macau_Macau,0.0,2020-02-03
Macau_Macau,0.0,2020-02-04
Macau_Macau,0.0,2020-02-05
Macau_Macau,1.0,2020-02-06
Macau_Macau,1.0,2020-02-07
Macau_Macau,1.0,2020-02-08
Macau_Macau,1.0,2020-02-09
Macau_Macau,1.0,2020-02-10
Macau_Macau,1.0,2020-02-11
Macau_Macau,2.0,2020-02-12
Macau_Macau,3.0,2020-02-13
Macau_Macau,3,2020-02-14
Macau_Macau,3,2020-02-15
Macau_Macau,5,2020-02-16
Hong_Kong_Hong_Kong,0.0,2020-01-22
Hong_Kong_Hong_Kong,0.0,2020-01-23
Hong_Kong_Hong_Kong,0.0,2020-01-24
Hong_Kong_Hong_Kong,0.0,2020-01-25
Hong_Kong_Hong_Kong,0.0,2020-01-26
Hong_Kong_Hong_Kong,0.0,2020-01-27
Hong_Kong_Hong_Kong,0.0,2020-01-28
Hong_Kong_Hong_Kong,0.0,2020-01-29
Hong_Kong_Hong_Kong,0.0,2020-01-30
Hong_Kong_Hong_Kong,0.0,2020-01-31
Hong_Kong_Hong_Kong,0.0,2020-02-01
Hong_Kong_Hong_Kong,0.0,2020-02-02
Hong_Kong_Hong_Kong,0.0,2020-02-03
Hong_Kong_Hong_Kong,0.0,2020-02-04
Hong_Kong_Hong_Kong,0.0,2020-02-05
Hong_Kong_Hong_Kong,0.0,2020-02-06
Hong_Kong_Hong_Kong,0.0,2020-02-07
Hong_Kong_Hong_Kong,0.0,2020-02-08
Hong_Kong_Hong_Kong,0.0,2020-02-09
Hong_Kong_Hong_Kong,0.0,2020-02-10
Hong_Kong_Hong_Kong,0.0,2020-02-11
Hong_Kong_Hong_Kong,1.0,2020-02-12
Hong_Kong_Hong_Kong,1.0,2020-02-13
Hong_Kong_Hong_Kong,1,2020-02-14
Hong_Kong_Hong_Kong,1,2020-02-15
Hong_Kong_Hong_Kong,2,2020-02-16
Singapore_nan,0.0,2020-01-22
Singapore_nan,0.0,2020-01-23
Singapore_nan,0.0,2020-01-24
Singapore_nan,0.0,2020-01-25
Singapore_nan,0.0,2020-01-26
Singapore_nan,0.0,2020-01-27
Singapore_nan,0.0,2020-01-28
Singapore_nan,0.0,2020-01-29
Singapore_nan,0.0,2020-01-30
Singapore_nan,0.0,2020-01-31
Singapore_nan,0.0,2020-02-01
Singapore_nan,0.0,2020-02-02
Singapore_nan,0.0,2020-02-03
Singapore_nan,0.0,2020-02-04
Singapore_nan,0.0,2020-02-05
Singapore_nan,0.0,2020-02-06
Singapore_nan,0.0,2020-02-07
Singapore_nan,2.0,2020-02-08
Singapore_nan,2.0,2020-02-09
Singapore_nan,2.0,2020-02-10
Singapore_nan,9.0,2020-02-11
Singapore_nan,15.0,2020-02-12
Singapore_nan,15.0,2020-02-13
Singapore_nan,17,2020-02-14
Singapore_nan,18,2020-02-15
Singapore_nan,18,2020-02-16
Vietnam_nan,0.0,2020-01-22
Vietnam_nan,0.0,2020-01-23
Vietnam_nan,0.0,2020-01-24
Vietnam_nan,0.0,2020-01-25
Vietnam_nan,0.0,2020-01-26
Vietnam_nan,0.0,2020-01-27
Vietnam_nan,0.0,2020-01-28
Vietnam_nan,0.0,2020-01-29
Vietnam_nan,0.0,2020-01-30
Vietnam_nan,0.0,2020-01-31
Vietnam_nan,1.0,2020-02-01
Vietnam_nan,1.0,2020-02-02
Vietnam_nan,1.0,2020-02-03
Vietnam_nan,1.0,2020-02-04
Vietnam_nan,1.0,2020-02-05
Vietnam_nan,1.0,2020-02-06
Vietnam_nan,1.0,2020-02-07
Vietnam_nan,1.0,2020-02-08
Vietnam_nan,1.0,2020-02-09
Vietnam_nan,1.0,2020-02-10
Vietnam_nan,6.0,2020-02-11
Vietnam_nan,6.0,2020-02-12
Vietnam_nan,7.0,2020-02-13
Vietnam_nan,7,2020-02-14
Vietnam_nan,7,2020-02-15
Vietnam_nan,7,2020-02-16
France_nan,0.0,2020-01-22
France_nan,0.0,2020-01-23
France_nan,0.0,2020-01-24
France_nan,0.0,2020-01-25
France_nan,0.0,2020-01-26
France_nan,0.0,2020-01-27
France_nan,0.0,2020-01-28
France_nan,0.0,2020-01-29
France_nan,0.0,2020-01-30
France_nan,0.0,2020-01-31
France_nan,0.0,2020-02-01
France_nan,0.0,2020-02-02
France_nan,0.0,2020-02-03
France_nan,0.0,2020-02-04
France_nan,0.0,2020-02-05
France_nan,0.0,2020-02-06
France_nan,0.0,2020-02-07
France_nan,0.0,2020-02-08
France_nan,0.0,2020-02-09
France_nan,0.0,2020-02-10
France_nan,0.0,2020-02-11
France_nan,2.0,2020-02-12
France_nan,2.0,2020-02-13
France_nan,2,2020-02-14
France_nan,4,2020-02-15
France_nan,4,2020-02-16
Nepal_nan,0.0,2020-01-22
Nepal_nan,0.0,2020-01-23
Nepal_nan,0.0,2020-01-24
Nepal_nan,0.0,2020-01-25
Nepal_nan,0.0,2020-01-26
Nepal_nan,0.0,2020-01-27
Nepal_nan,0.0,2020-01-28
Nepal_nan,0.0,2020-01-29
Nepal_nan,0.0,2020-01-30
Nepal_nan,0.0,2020-01-31
Nepal_nan,0.0,2020-02-01
Nepal_nan,0.0,2020-02-02
Nepal_nan,0.0,2020-02-03
Nepal_nan,0.0,2020-02-04
Nepal_nan,0.0,2020-02-05
Nepal_nan,0.0,2020-02-06
Nepal_nan,0.0,2020-02-07
Nepal_nan,0.0,2020-02-08
Nepal_nan,0.0,2020-02-09
Nepal_nan,0.0,2020-02-10
Nepal_nan,0.0,2020-02-11
Nepal_nan,1.0,2020-02-12
Nepal_nan,1.0,2020-02-13
Nepal_nan,1,2020-02-14
Nepal_nan,1,2020-02-15
Nepal_nan,1,2020-02-16
Malaysia_nan,0.0,2020-01-22
Malaysia_nan,0.0,2020-01-23
Malaysia_nan,0.0,2020-01-24
Malaysia_nan,0.0,2020-01-25
Malaysia_nan,0.0,2020-01-26
Malaysia_nan,0.0,2020-01-27
Malaysia_nan,0.0,2020-01-28
Malaysia_nan,0.0,2020-01-29
Malaysia_nan,0.0,2020-01-30
Malaysia_nan,0.0,2020-01-31
Malaysia_nan,0.0,2020-02-01
Malaysia_nan,0.0,2020-02-02
Malaysia_nan,0.0,2020-02-03
Malaysia_nan,0.0,2020-02-04
Malaysia_nan,0.0,2020-02-05
Malaysia_nan,0.0,2020-02-06
Malaysia_nan,1.0,2020-02-07
Malaysia_nan,1.0,2020-02-08
Malaysia_nan,1.0,2020-02-09
Malaysia_nan,1.0,2020-02-10
Malaysia_nan,3.0,2020-02-11
Malaysia_nan,3.0,2020-02-12
Malaysia_nan,3.0,2020-02-13
Malaysia_nan,3,2020-02-14
Malaysia_nan,7,2020-02-15
Malaysia_nan,7,2020-02-16
Canada_Toronto__ON,0.0,2020-01-22
Canada_Toronto__ON,0.0,2020-01-23
Canada_Toronto__ON,0.0,2020-01-24
Canada_Toronto__ON,0.0,2020-01-25
Canada_Toronto__ON,0.0,2020-01-26
Canada_Toronto__ON,0.0,2020-01-27
Canada_Toronto__ON,0.0,2020-01-28
Canada_Toronto__ON,0.0,2020-01-29
Canada_Toronto__ON,0.0,2020-01-30
Canada_Toronto__ON,0.0,2020-01-31
Canada_Toronto__ON,0.0,2020-02-01
Canada_Toronto__ON,0.0,2020-02-02
Canada_Toronto__ON,0.0,2020-02-03
Canada_Toronto__ON,0.0,2020-02-04
Canada_Toronto__ON,0.0,2020-02-05
Canada_Toronto__ON,0.0,2020-02-06
Canada_Toronto__ON,0.0,2020-02-07
Canada_Toronto__ON,0.0,2020-02-08
Canada_Toronto__ON,0.0,2020-02-09
Canada_Toronto__ON,0.0,2020-02-10
Canada_Toronto__ON,0.0,2020-02-11
Canada_Toronto__ON,0.0,2020-02-12
Canada_Toronto__ON,0.0,2020-02-13
Canada_Toronto__ON,0,2020-02-14
Canada_Toronto__ON,0,2020-02-15
Canada_Toronto__ON,0,2020-02-16
Canada_British_Columbia,0.0,2020-01-22
Canada_British_Columbia,0.0,2020-01-23
Canada_British_Columbia,0.0,2020-01-24
Canada_British_Columbia,0.0,2020-01-25
Canada_British_Columbia,0.0,2020-01-26
Canada_British_Columbia,0.0,2020-01-27
Canada_British_Columbia,0.0,2020-01-28
Canada_British_Columbia,0.0,2020-01-29
Canada_British_Columbia,0.0,2020-01-30
Canada_British_Columbia,0.0,2020-01-31
Canada_British_Columbia,0.0,2020-02-01
Canada_British_Columbia,0.0,2020-02-02
Canada_British_Columbia,0.0,2020-02-03
Canada_British_Columbia,0.0,2020-02-04
Canada_British_Columbia,0.0,2020-02-05
Canada_British_Columbia,0.0,2020-02-06
Canada_British_Columbia,0.0,2020-02-07
Canada_British_Columbia,0.0,2020-02-08
Canada_British_Columbia,0.0,2020-02-09
Canada_British_Columbia,0.0,2020-02-10
Canada_British_Columbia,0.0,2020-02-11
Canada_British_Columbia,0.0,2020-02-12
Canada_British_Columbia,0.0,2020-02-13
Canada_British_Columbia,0,2020-02-14
Canada_British_Columbia,0,2020-02-15
Canada_British_Columbia,0,2020-02-16
US_Orange__CA,0.0,2020-01-22
US_Orange__CA,0.0,2020-01-23
US_Orange__CA,0.0,2020-01-24
US_Orange__CA,0.0,2020-01-25
US_Orange__CA,0.0,2020-01-26
US_Orange__CA,0.0,2020-01-27
US_Orange__CA,0.0,2020-01-28
US_Orange__CA,0.0,2020-01-29
US_Orange__CA,0.0,2020-01-30
US_Orange__CA,0.0,2020-01-31
US_Orange__CA,0.0,2020-02-01
US_Orange__CA,0.0,2020-02-02
US_Orange__CA,0.0,2020-02-03
US_Orange__CA,0.0,2020-02-04
US_Orange__CA,0.0,2020-02-05
US_Orange__CA,0.0,2020-02-06
US_Orange__CA,0.0,2020-02-07
US_Orange__CA,0.0,2020-02-08
US_Orange__CA,0.0,2020-02-09
US_Orange__CA,0.0,2020-02-10
US_Orange__CA,0.0,2020-02-11
US_Orange__CA,0.0,2020-02-12
US_Orange__CA,0.0,2020-02-13
US_Orange__CA,0,2020-02-14
US_Orange__CA,0,2020-02-15
US_Orange__CA,0,2020-02-16
US_Los_Angeles__CA,0.0,2020-01-22
US_Los_Angeles__CA,0.0,2020-01-23
US_Los_Angeles__CA,0.0,2020-01-24
US_Los_Angeles__CA,0.0,2020-01-25
US_Los_Angeles__CA,0.0,2020-01-26
US_Los_Angeles__CA,0.0,2020-01-27
US_Los_Angeles__CA,0.0,2020-01-28
US_Los_Angeles__CA,0.0,2020-01-29
US_Los_Angeles__CA,0.0,2020-01-30
US_Los_Angeles__CA,0.0,2020-01-31
US_Los_Angeles__CA,0.0,2020-02-01
US_Los_Angeles__CA,0.0,2020-02-02
US_Los_Angeles__CA,0.0,2020-02-03
US_Los_Angeles__CA,0.0,2020-02-04
US_Los_Angeles__CA,0.0,2020-02-05
US_Los_Angeles__CA,0.0,2020-02-06
US_Los_Angeles__CA,0.0,2020-02-07
US_Los_Angeles__CA,0.0,2020-02-08
US_Los_Angeles__CA,0.0,2020-02-09
US_Los_Angeles__CA,0.0,2020-02-10
US_Los_Angeles__CA,0.0,2020-02-11
US_Los_Angeles__CA,0.0,2020-02-12
US_Los_Angeles__CA,0.0,2020-02-13
US_Los_Angeles__CA,0,2020-02-14
US_Los_Angeles__CA,0,2020-02-15
US_Los_Angeles__CA,0,2020-02-16
Australia_New_South_Wales,0.0,2020-01-22
Australia_New_South_Wales,0.0,2020-01-23
Australia_New_South_Wales,0.0,2020-01-24
Australia_New_South_Wales,0.0,2020-01-25
Australia_New_South_Wales,0.0,2020-01-26
Australia_New_South_Wales,0.0,2020-01-27
Australia_New_South_Wales,0.0,2020-01-28
Australia_New_South_Wales,0.0,2020-01-29
Australia_New_South_Wales,2.0,2020-01-30
Australia_New_South_Wales,2.0,2020-01-31
Australia_New_South_Wales,2.0,2020-02-01
Australia_New_South_Wales,2.0,2020-02-02
Australia_New_South_Wales,2.0,2020-02-03
Australia_New_South_Wales,2.0,2020-02-04
Australia_New_South_Wales,2.0,2020-02-05
Australia_New_South_Wales,2.0,2020-02-06
Australia_New_South_Wales,2.0,2020-02-07
Australia_New_South_Wales,2.0,2020-02-08
Australia_New_South_Wales,2.0,2020-02-09
Australia_New_South_Wales,2.0,2020-02-10
Australia_New_South_Wales,2.0,2020-02-11
Australia_New_South_Wales,2.0,2020-02-12
Australia_New_South_Wales,4.0,2020-02-13
Australia_New_South_Wales,4,2020-02-14
Australia_New_South_Wales,4,2020-02-15
Australia_New_South_Wales,4,2020-02-16
Australia_Victoria,0.0,2020-01-22
Australia_Victoria,0.0,2020-01-23
Australia_Victoria,0.0,2020-01-24
Australia_Victoria,0.0,2020-01-25
Australia_Victoria,0.0,2020-01-26
Australia_Victoria,0.0,2020-01-27
Australia_Victoria,0.0,2020-01-28
Australia_Victoria,0.0,2020-01-29
Australia_Victoria,0.0,2020-01-30
Australia_Victoria,0.0,2020-01-31
Australia_Victoria,0.0,2020-02-01
Australia_Victoria,0.0,2020-02-02
Australia_Victoria,0.0,2020-02-03
Australia_Victoria,0.0,2020-02-04
Australia_Victoria,0.0,2020-02-05
Australia_Victoria,0.0,2020-02-06
Australia_Victoria,0.0,2020-02-07
Australia_Victoria,0.0,2020-02-08
Australia_Victoria,0.0,2020-02-09
Australia_Victoria,0.0,2020-02-10
Australia_Victoria,0.0,2020-02-11
Australia_Victoria,0.0,2020-02-12
Australia_Victoria,4.0,2020-02-13
Australia_Victoria,4,2020-02-14
Australia_Victoria,4,2020-02-15
Australia_Victoria,4,2020-02-16
Australia_Queensland,0.0,2020-01-22
Australia_Queensland,0.0,2020-01-23
Australia_Queensland,0.0,2020-01-24
Australia_Queensland,0.0,2020-01-25
Australia_Queensland,0.0,2020-01-26
Australia_Queensland,0.0,2020-01-27
Australia_Queensland,0.0,2020-01-28
Australia_Queensland,0.0,2020-01-29
Australia_Queensland,0.0,2020-01-30
Australia_Queensland,0.0,2020-01-31
Australia_Queensland,0.0,2020-02-01
Australia_Queensland,0.0,2020-02-02
Australia_Queensland,0.0,2020-02-03
Australia_Queensland,0.0,2020-02-04
Australia_Queensland,0.0,2020-02-05
Australia_Queensland,0.0,2020-02-06
Australia_Queensland,0.0,2020-02-07
Australia_Queensland,0.0,2020-02-08
Australia_Queensland,0.0,2020-02-09
Australia_Queensland,0.0,2020-02-10
Australia_Queensland,0.0,2020-02-11
Australia_Queensland,0.0,2020-02-12
Australia_Queensland,0.0,2020-02-13
Australia_Queensland,0,2020-02-14
Australia_Queensland,0,2020-02-15
Australia_Queensland,0,2020-02-16
Cambodia_nan,0.0,2020-01-22
Cambodia_nan,0.0,2020-01-23
Cambodia_nan,0.0,2020-01-24
Cambodia_nan,0.0,2020-01-25
Cambodia_nan,0.0,2020-01-26
Cambodia_nan,0.0,2020-01-27
Cambodia_nan,0.0,2020-01-28
Cambodia_nan,0.0,2020-01-29
Cambodia_nan,0.0,2020-01-30
Cambodia_nan,0.0,2020-01-31
Cambodia_nan,0.0,2020-02-01
Cambodia_nan,0.0,2020-02-02
Cambodia_nan,0.0,2020-02-03
Cambodia_nan,0.0,2020-02-04
Cambodia_nan,0.0,2020-02-05
Cambodia_nan,0.0,2020-02-06
Cambodia_nan,0.0,2020-02-07
Cambodia_nan,0.0,2020-02-08
Cambodia_nan,0.0,2020-02-09
Cambodia_nan,0.0,2020-02-10
Cambodia_nan,0.0,2020-02-11
Cambodia_nan,1.0,2020-02-12
Cambodia_nan,1.0,2020-02-13
Cambodia_nan,1,2020-02-14
Cambodia_nan,1,2020-02-15
Cambodia_nan,1,2020-02-16
Sri_Lanka_nan,0.0,2020-01-22
Sri_Lanka_nan,0.0,2020-01-23
Sri_Lanka_nan,0.0,2020-01-24
Sri_Lanka_nan,0.0,2020-01-25
Sri_Lanka_nan,0.0,2020-01-26
Sri_Lanka_nan,0.0,2020-01-27
Sri_Lanka_nan,0.0,2020-01-28
Sri_Lanka_nan,0.0,2020-01-29
Sri_Lanka_nan,0.0,2020-01-30
Sri_Lanka_nan,0.0,2020-01-31
Sri_Lanka_nan,0.0,2020-02-01
Sri_Lanka_nan,0.0,2020-02-02
Sri_Lanka_nan,0.0,2020-02-03
Sri_Lanka_nan,0.0,2020-02-04
Sri_Lanka_nan,0.0,2020-02-05
Sri_Lanka_nan,0.0,2020-02-06
Sri_Lanka_nan,0.0,2020-02-07
Sri_Lanka_nan,1.0,2020-02-08
Sri_Lanka_nan,1.0,2020-02-09
Sri_Lanka_nan,1.0,2020-02-10
Sri_Lanka_nan,1.0,2020-02-11
Sri_Lanka_nan,1.0,2020-02-12
Sri_Lanka_nan,1.0,2020-02-13
Sri_Lanka_nan,1,2020-02-14
Sri_Lanka_nan,1,2020-02-15
Sri_Lanka_nan,1,2020-02-16
Germany_nan,0.0,2020-01-22
Germany_nan,0.0,2020-01-23
Germany_nan,0.0,2020-01-24
Germany_nan,0.0,2020-01-25
Germany_nan,0.0,2020-01-26
Germany_nan,0.0,2020-01-27
Germany_nan,0.0,2020-01-28
Germany_nan,0.0,2020-01-29
Germany_nan,0.0,2020-01-30
Germany_nan,0.0,2020-01-31
Germany_nan,0.0,2020-02-01
Germany_nan,0.0,2020-02-02
Germany_nan,0.0,2020-02-03
Germany_nan,0.0,2020-02-04
Germany_nan,0.0,2020-02-05
Germany_nan,0.0,2020-02-06
Germany_nan,0.0,2020-02-07
Germany_nan,0.0,2020-02-08
Germany_nan,0.0,2020-02-09
Germany_nan,0.0,2020-02-10
Germany_nan,0.0,2020-02-11
Germany_nan,0.0,2020-02-12
Germany_nan,1.0,2020-02-13
Germany_nan,1,2020-02-14
Germany_nan,1,2020-02-15
Germany_nan,1,2020-02-16
Finland_nan,0.0,2020-01-22
Finland_nan,0.0,2020-01-23
Finland_nan,0.0,2020-01-24
Finland_nan,0.0,2020-01-25
Finland_nan,0.0,2020-01-26
Finland_nan,0.0,2020-01-27
Finland_nan,0.0,2020-01-28
Finland_nan,0.0,2020-01-29
Finland_nan,0.0,2020-01-30
Finland_nan,0.0,2020-01-31
Finland_nan,0.0,2020-02-01
Finland_nan,0.0,2020-02-02
Finland_nan,0.0,2020-02-03
Finland_nan,0.0,2020-02-04
Finland_nan,0.0,2020-02-05
Finland_nan,0.0,2020-02-06
Finland_nan,0.0,2020-02-07
Finland_nan,0.0,2020-02-08
Finland_nan,0.0,2020-02-09
Finland_nan,0.0,2020-02-10
Finland_nan,0.0,2020-02-11
Finland_nan,1.0,2020-02-12
Finland_nan,1.0,2020-02-13
Finland_nan,1,2020-02-14
Finland_nan,1,2020-02-15
Finland_nan,1,2020-02-16
United_Arab_Emirates_nan,0.0,2020-01-22
United_Arab_Emirates_nan,0.0,2020-01-23
United_Arab_Emirates_nan,0.0,2020-01-24
United_Arab_Emirates_nan,0.0,2020-01-25
United_Arab_Emirates_nan,0.0,2020-01-26
United_Arab_Emirates_nan,0.0,2020-01-27
United_Arab_Emirates_nan,0.0,2020-01-28
United_Arab_Emirates_nan,0.0,2020-01-29
United_Arab_Emirates_nan,0.0,2020-01-30
United_Arab_Emirates_nan,0.0,2020-01-31
United_Arab_Emirates_nan,0.0,2020-02-01
United_Arab_Emirates_nan,0.0,2020-02-02
United_Arab_Emirates_nan,0.0,2020-02-03
United_Arab_Emirates_nan,0.0,2020-02-04
United_Arab_Emirates_nan,0.0,2020-02-05
United_Arab_Emirates_nan,0.0,2020-02-06
United_Arab_Emirates_nan,0.0,2020-02-07
United_Arab_Emirates_nan,0.0,2020-02-08
United_Arab_Emirates_nan,0.0,2020-02-09
United_Arab_Emirates_nan,0.0,2020-02-10
United_Arab_Emirates_nan,0.0,2020-02-11
United_Arab_Emirates_nan,1.0,2020-02-12
United_Arab_Emirates_nan,1.0,2020-02-13
United_Arab_Emirates_nan,1,2020-02-14
United_Arab_Emirates_nan,3,2020-02-15
United_Arab_Emirates_nan,4,2020-02-16
Philippines_nan,0.0,2020-01-22
Philippines_nan,0.0,2020-01-23
Philippines_nan,0.0,2020-01-24
Philippines_nan,0.0,2020-01-25
Philippines_nan,0.0,2020-01-26
Philippines_nan,0.0,2020-01-27
Philippines_nan,0.0,2020-01-28
Philippines_nan,0.0,2020-01-29
Philippines_nan,0.0,2020-01-30
Philippines_nan,0.0,2020-01-31
Philippines_nan,0.0,2020-02-01
Philippines_nan,0.0,2020-02-02
Philippines_nan,0.0,2020-02-03
Philippines_nan,0.0,2020-02-04
Philippines_nan,0.0,2020-02-05
Philippines_nan,0.0,2020-02-06
Philippines_nan,0.0,2020-02-07
Philippines_nan,0.0,2020-02-08
Philippines_nan,0.0,2020-02-09
Philippines_nan,0.0,2020-02-10
Philippines_nan,0.0,2020-02-11
Philippines_nan,1.0,2020-02-12
Philippines_nan,1.0,2020-02-13
Philippines_nan,1,2020-02-14
Philippines_nan,1,2020-02-15
Philippines_nan,1,2020-02-16
India_nan,0.0,2020-01-22
India_nan,0.0,2020-01-23
India_nan,0.0,2020-01-24
India_nan,0.0,2020-01-25
India_nan,0.0,2020-01-26
India_nan,0.0,2020-01-27
India_nan,0.0,2020-01-28
India_nan,0.0,2020-01-29
India_nan,0.0,2020-01-30
India_nan,0.0,2020-01-31
India_nan,0.0,2020-02-01
India_nan,0.0,2020-02-02
India_nan,0.0,2020-02-03
India_nan,0.0,2020-02-04
India_nan,0.0,2020-02-05
India_nan,0.0,2020-02-06
India_nan,0.0,2020-02-07
India_nan,0.0,2020-02-08
India_nan,0.0,2020-02-09
India_nan,0.0,2020-02-10
India_nan,0.0,2020-02-11
India_nan,0.0,2020-02-12
India_nan,0.0,2020-02-13
India_nan,0,2020-02-14
India_nan,0,2020-02-15
India_nan,3,2020-02-16
Canada_London__ON,0.0,2020-01-22
Canada_London__ON,0.0,2020-01-23
Canada_London__ON,0.0,2020-01-24
Canada_London__ON,0.0,2020-01-25
Canada_London__ON,0.0,2020-01-26
Canada_London__ON,0.0,2020-01-27
Canada_London__ON,0.0,2020-01-28
Canada_London__ON,0.0,2020-01-29
Canada_London__ON,0.0,2020-01-30
Canada_London__ON,0.0,2020-01-31
Canada_London__ON,0.0,2020-02-01
Canada_London__ON,0.0,2020-02-02
Canada_London__ON,0.0,2020-02-03
Canada_London__ON,0.0,2020-02-04
Canada_London__ON,0.0,2020-02-05
Canada_London__ON,0.0,2020-02-06
Canada_London__ON,0.0,2020-02-07
Canada_London__ON,0.0,2020-02-08
Canada_London__ON,0.0,2020-02-09
Canada_London__ON,0.0,2020-02-10
Canada_London__ON,0.0,2020-02-11
Canada_London__ON,1.0,2020-02-12
Canada_London__ON,1.0,2020-02-13
Canada_London__ON,1,2020-02-14
Canada_London__ON,1,2020-02-15
Canada_London__ON,1,2020-02-16
Italy_nan,0.0,2020-01-22
Italy_nan,0.0,2020-01-23
Italy_nan,0.0,2020-01-24
Italy_nan,0.0,2020-01-25
Italy_nan,0.0,2020-01-26
Italy_nan,0.0,2020-01-27
Italy_nan,0.0,2020-01-28
Italy_nan,0.0,2020-01-29
Italy_nan,0.0,2020-01-30
Italy_nan,0.0,2020-01-31
Italy_nan,0.0,2020-02-01
Italy_nan,0.0,2020-02-02
Italy_nan,0.0,2020-02-03
Italy_nan,0.0,2020-02-04
Italy_nan,0.0,2020-02-05
Italy_nan,0.0,2020-02-06
Italy_nan,0.0,2020-02-07
Italy_nan,0.0,2020-02-08
Italy_nan,0.0,2020-02-09
Italy_nan,0.0,2020-02-10
Italy_nan,0.0,2020-02-11
Italy_nan,0.0,2020-02-12
Italy_nan,0.0,2020-02-13
Italy_nan,0,2020-02-14
Italy_nan,0,2020-02-15
Italy_nan,0,2020-02-16
UK_nan,0.0,2020-01-22
UK_nan,0.0,2020-01-23
UK_nan,0.0,2020-01-24
UK_nan,0.0,2020-01-25
UK_nan,0.0,2020-01-26
UK_nan,0.0,2020-01-27
UK_nan,0.0,2020-01-28
UK_nan,0.0,2020-01-29
UK_nan,0.0,2020-01-30
UK_nan,0.0,2020-01-31
UK_nan,0.0,2020-02-01
UK_nan,0.0,2020-02-02
UK_nan,0.0,2020-02-03
UK_nan,0.0,2020-02-04
UK_nan,0.0,2020-02-05
UK_nan,0.0,2020-02-06
UK_nan,0.0,2020-02-07
UK_nan,0.0,2020-02-08
UK_nan,0.0,2020-02-09
UK_nan,0.0,2020-02-10
UK_nan,0.0,2020-02-11
UK_nan,1.0,2020-02-12
UK_nan,1.0,2020-02-13
UK_nan,1,2020-02-14
UK_nan,1,2020-02-15
UK_nan,8,2020-02-16
Russia_nan,0.0,2020-01-22
Russia_nan,0.0,2020-01-23
Russia_nan,0.0,2020-01-24
Russia_nan,0.0,2020-01-25
Russia_nan,0.0,2020-01-26
Russia_nan,0.0,2020-01-27
Russia_nan,0.0,2020-01-28
Russia_nan,0.0,2020-01-29
Russia_nan,0.0,2020-01-30
Russia_nan,0.0,2020-01-31
Russia_nan,0.0,2020-02-01
Russia_nan,0.0,2020-02-02
Russia_nan,0.0,2020-02-03
Russia_nan,0.0,2020-02-04
Russia_nan,0.0,2020-02-05
Russia_nan,0.0,2020-02-06
Russia_nan,0.0,2020-02-07
Russia_nan,0.0,2020-02-08
Russia_nan,0.0,2020-02-09
Russia_nan,0.0,2020-02-10
Russia_nan,0.0,2020-02-11
Russia_nan,2.0,2020-02-12
Russia_nan,2.0,2020-02-13
Russia_nan,2,2020-02-14
Russia_nan,2,2020-02-15
Russia_nan,2,2020-02-16
Sweden_nan,0.0,2020-01-22
Sweden_nan,0.0,2020-01-23
Sweden_nan,0.0,2020-01-24
Sweden_nan,0.0,2020-01-25
Sweden_nan,0.0,2020-01-26
Sweden_nan,0.0,2020-01-27
Sweden_nan,0.0,2020-01-28
Sweden_nan,0.0,2020-01-29
Sweden_nan,0.0,2020-01-30
Sweden_nan,0.0,2020-01-31
Sweden_nan,0.0,2020-02-01
Sweden_nan,0.0,2020-02-02
Sweden_nan,0.0,2020-02-03
Sweden_nan,0.0,2020-02-04
Sweden_nan,0.0,2020-02-05
Sweden_nan,0.0,2020-02-06
Sweden_nan,0.0,2020-02-07
Sweden_nan,0.0,2020-02-08
Sweden_nan,0.0,2020-02-09
Sweden_nan,0.0,2020-02-10
Sweden_nan,0.0,2020-02-11
Sweden_nan,0.0,2020-02-12
Sweden_nan,0.0,2020-02-13
Sweden_nan,0,2020-02-14
Sweden_nan,0,2020-02-15
Sweden_nan,0,2020-02-16
US_Santa_Clara__CA,0.0,2020-01-22
US_Santa_Clara__CA,0.0,2020-01-23
US_Santa_Clara__CA,0.0,2020-01-24
US_Santa_Clara__CA,0.0,2020-01-25
US_Santa_Clara__CA,0.0,2020-01-26
US_Santa_Clara__CA,0.0,2020-01-27
US_Santa_Clara__CA,0.0,2020-01-28
US_Santa_Clara__CA,0.0,2020-01-29
US_Santa_Clara__CA,0.0,2020-01-30
US_Santa_Clara__CA,0.0,2020-01-31
US_Santa_Clara__CA,0.0,2020-02-01
US_Santa_Clara__CA,0.0,2020-02-02
US_Santa_Clara__CA,0.0,2020-02-03
US_Santa_Clara__CA,0.0,2020-02-04
US_Santa_Clara__CA,0.0,2020-02-05
US_Santa_Clara__CA,0.0,2020-02-06
US_Santa_Clara__CA,0.0,2020-02-07
US_Santa_Clara__CA,0.0,2020-02-08
US_Santa_Clara__CA,0.0,2020-02-09
US_Santa_Clara__CA,0.0,2020-02-10
US_Santa_Clara__CA,0.0,2020-02-11
US_Santa_Clara__CA,0.0,2020-02-12
US_Santa_Clara__CA,0.0,2020-02-13
US_Santa_Clara__CA,0,2020-02-14
US_Santa_Clara__CA,0,2020-02-15
US_Santa_Clara__CA,0,2020-02-16
Spain_nan,0.0,2020-01-22
Spain_nan,0.0,2020-01-23
Spain_nan,0.0,2020-01-24
Spain_nan,0.0,2020-01-25
Spain_nan,0.0,2020-01-26
Spain_nan,0.0,2020-01-27
Spain_nan,0.0,2020-01-28
Spain_nan,0.0,2020-01-29
Spain_nan,0.0,2020-01-30
Spain_nan,0.0,2020-01-31
Spain_nan,0.0,2020-02-01
Spain_nan,0.0,2020-02-02
Spain_nan,0.0,2020-02-03
Spain_nan,0.0,2020-02-04
Spain_nan,0.0,2020-02-05
Spain_nan,0.0,2020-02-06
Spain_nan,0.0,2020-02-07
Spain_nan,0.0,2020-02-08
Spain_nan,0.0,2020-02-09
Spain_nan,0.0,2020-02-10
Spain_nan,0.0,2020-02-11
Spain_nan,0.0,2020-02-12
Spain_nan,0.0,2020-02-13
Spain_nan,0,2020-02-14
Spain_nan,2,2020-02-15
Spain_nan,2,2020-02-16
Australia_South_Australia,0.0,2020-01-22
Australia_South_Australia,0.0,2020-01-23
Australia_South_Australia,0.0,2020-01-24
Australia_South_Australia,0.0,2020-01-25
Australia_South_Australia,0.0,2020-01-26
Australia_South_Australia,0.0,2020-01-27
Australia_South_Australia,0.0,2020-01-28
Australia_South_Australia,0.0,2020-01-29
Australia_South_Australia,0.0,2020-01-30
Australia_South_Australia,0.0,2020-01-31
Australia_South_Australia,0.0,2020-02-01
Australia_South_Australia,0.0,2020-02-02
Australia_South_Australia,0.0,2020-02-03
Australia_South_Australia,0.0,2020-02-04
Australia_South_Australia,0.0,2020-02-05
Australia_South_Australia,0.0,2020-02-06
Australia_South_Australia,0.0,2020-02-07
Australia_South_Australia,0.0,2020-02-08
Australia_South_Australia,0.0,2020-02-09
Australia_South_Australia,0.0,2020-02-10
Australia_South_Australia,0.0,2020-02-11
Australia_South_Australia,0.0,2020-02-12
Australia_South_Australia,0.0,2020-02-13
Australia_South_Australia,0,2020-02-14
Australia_South_Australia,0,2020-02-15
Australia_South_Australia,0,2020-02-16
US_Boston__MA,0.0,2020-01-22
US_Boston__MA,0.0,2020-01-23
US_Boston__MA,0.0,2020-01-24
US_Boston__MA,0.0,2020-01-25
US_Boston__MA,0.0,2020-01-26
US_Boston__MA,0.0,2020-01-27
US_Boston__MA,0.0,2020-01-28
US_Boston__MA,0.0,2020-01-29
US_Boston__MA,0.0,2020-01-30
US_Boston__MA,0.0,2020-01-31
US_Boston__MA,0.0,2020-02-01
US_Boston__MA,0.0,2020-02-02
US_Boston__MA,0.0,2020-02-03
US_Boston__MA,0.0,2020-02-04
US_Boston__MA,0.0,2020-02-05
US_Boston__MA,0.0,2020-02-06
US_Boston__MA,0.0,2020-02-07
US_Boston__MA,0.0,2020-02-08
US_Boston__MA,0.0,2020-02-09
US_Boston__MA,0.0,2020-02-10
US_Boston__MA,0.0,2020-02-11
US_Boston__MA,0.0,2020-02-12
US_Boston__MA,0.0,2020-02-13
US_Boston__MA,0,2020-02-14
US_Boston__MA,0,2020-02-15
US_Boston__MA,0,2020-02-16
US_San_Benito__CA,0.0,2020-01-22
US_San_Benito__CA,0.0,2020-01-23
US_San_Benito__CA,0.0,2020-01-24
US_San_Benito__CA,0.0,2020-01-25
US_San_Benito__CA,0.0,2020-01-26
US_San_Benito__CA,0.0,2020-01-27
US_San_Benito__CA,0.0,2020-01-28
US_San_Benito__CA,0.0,2020-01-29
US_San_Benito__CA,0.0,2020-01-30
US_San_Benito__CA,0.0,2020-01-31
US_San_Benito__CA,0.0,2020-02-01
US_San_Benito__CA,0.0,2020-02-02
US_San_Benito__CA,0.0,2020-02-03
US_San_Benito__CA,0.0,2020-02-04
US_San_Benito__CA,0.0,2020-02-05
US_San_Benito__CA,0.0,2020-02-06
US_San_Benito__CA,0.0,2020-02-07
US_San_Benito__CA,0.0,2020-02-08
US_San_Benito__CA,0.0,2020-02-09
US_San_Benito__CA,0.0,2020-02-10
US_San_Benito__CA,0.0,2020-02-11
US_San_Benito__CA,0.0,2020-02-12
US_San_Benito__CA,0.0,2020-02-13
US_San_Benito__CA,0,2020-02-14
US_San_Benito__CA,0,2020-02-15
US_San_Benito__CA,0,2020-02-16
Belgium_nan,0.0,2020-01-22
Belgium_nan,0.0,2020-01-23
Belgium_nan,0.0,2020-01-24
Belgium_nan,0.0,2020-01-25
Belgium_nan,0.0,2020-01-26
Belgium_nan,0.0,2020-01-27
Belgium_nan,0.0,2020-01-28
Belgium_nan,0.0,2020-01-29
Belgium_nan,0.0,2020-01-30
Belgium_nan,0.0,2020-01-31
Belgium_nan,0.0,2020-02-01
Belgium_nan,0.0,2020-02-02
Belgium_nan,0.0,2020-02-03
Belgium_nan,0.0,2020-02-04
Belgium_nan,0.0,2020-02-05
Belgium_nan,0.0,2020-02-06
Belgium_nan,0.0,2020-02-07
Belgium_nan,0.0,2020-02-08
Belgium_nan,0.0,2020-02-09
Belgium_nan,0.0,2020-02-10
Belgium_nan,0.0,2020-02-11
Belgium_nan,0.0,2020-02-12
Belgium_nan,0.0,2020-02-13
Belgium_nan,0,2020-02-14
Belgium_nan,0,2020-02-15
Belgium_nan,0,2020-02-16
US_Madison__WI,0.0,2020-01-22
US_Madison__WI,0.0,2020-01-23
US_Madison__WI,0.0,2020-01-24
US_Madison__WI,0.0,2020-01-25
US_Madison__WI,0.0,2020-01-26
US_Madison__WI,0.0,2020-01-27
US_Madison__WI,0.0,2020-01-28
US_Madison__WI,0.0,2020-01-29
US_Madison__WI,0.0,2020-01-30
US_Madison__WI,0.0,2020-01-31
US_Madison__WI,0.0,2020-02-01
US_Madison__WI,0.0,2020-02-02
US_Madison__WI,0.0,2020-02-03
US_Madison__WI,0.0,2020-02-04
US_Madison__WI,0.0,2020-02-05
US_Madison__WI,0.0,2020-02-06
US_Madison__WI,0.0,2020-02-07
US_Madison__WI,0.0,2020-02-08
US_Madison__WI,0.0,2020-02-09
US_Madison__WI,0.0,2020-02-10
US_Madison__WI,0.0,2020-02-11
US_Madison__WI,0.0,2020-02-12
US_Madison__WI,0.0,2020-02-13
US_Madison__WI,0,2020-02-14
US_Madison__WI,0,2020-02-15
US_Madison__WI,0,2020-02-16
Others_Diamond_Princess_cruise_ship,0.0,2020-01-22
Others_Diamond_Princess_cruise_ship,0.0,2020-01-23
Others_Diamond_Princess_cruise_ship,0.0,2020-01-24
Others_Diamond_Princess_cruise_ship,0.0,2020-01-25
Others_Diamond_Princess_cruise_ship,0.0,2020-01-26
Others_Diamond_Princess_cruise_ship,0.0,2020-01-27
Others_Diamond_Princess_cruise_ship,0.0,2020-01-28
Others_Diamond_Princess_cruise_ship,0.0,2020-01-29
Others_Diamond_Princess_cruise_ship,0.0,2020-01-30
Others_Diamond_Princess_cruise_ship,0.0,2020-01-31
Others_Diamond_Princess_cruise_ship,0.0,2020-02-01
Others_Diamond_Princess_cruise_ship,0.0,2020-02-02
Others_Diamond_Princess_cruise_ship,0.0,2020-02-03
Others_Diamond_Princess_cruise_ship,0.0,2020-02-04
Others_Diamond_Princess_cruise_ship,0.0,2020-02-05
Others_Diamond_Princess_cruise_ship,0.0,2020-02-06
Others_Diamond_Princess_cruise_ship,0.0,2020-02-07
Others_Diamond_Princess_cruise_ship,0.0,2020-02-08
Others_Diamond_Princess_cruise_ship,0.0,2020-02-09
Others_Diamond_Princess_cruise_ship,0.0,2020-02-10
Others_Diamond_Princess_cruise_ship,0.0,2020-02-11
Others_Diamond_Princess_cruise_ship,0.0,2020-02-12
Others_Diamond_Princess_cruise_ship,0.0,2020-02-13
Others_Diamond_Princess_cruise_ship,0,2020-02-14
Others_Diamond_Princess_cruise_ship,0,2020-02-15
Others_Diamond_Princess_cruise_ship,0,2020-02-16
US_San_Diego_County__CA,0.0,2020-01-22
US_San_Diego_County__CA,0.0,2020-01-23
US_San_Diego_County__CA,0.0,2020-01-24
US_San_Diego_County__CA,0.0,2020-01-25
US_San_Diego_County__CA,0.0,2020-01-26
US_San_Diego_County__CA,0.0,2020-01-27
US_San_Diego_County__CA,0.0,2020-01-28
US_San_Diego_County__CA,0.0,2020-01-29
US_San_Diego_County__CA,0.0,2020-01-30
US_San_Diego_County__CA,0.0,2020-01-31
US_San_Diego_County__CA,0.0,2020-02-01
US_San_Diego_County__CA,0.0,2020-02-02
US_San_Diego_County__CA,0.0,2020-02-03
US_San_Diego_County__CA,0.0,2020-02-04
US_San_Diego_County__CA,0.0,2020-02-05
US_San_Diego_County__CA,0.0,2020-02-06
US_San_Diego_County__CA,0.0,2020-02-07
US_San_Diego_County__CA,0.0,2020-02-08
US_San_Diego_County__CA,0.0,2020-02-09
US_San_Diego_County__CA,0.0,2020-02-10
US_San_Diego_County__CA,0.0,2020-02-11
US_San_Diego_County__CA,0.0,2020-02-12
US_San_Diego_County__CA,0.0,2020-02-13
US_San_Diego_County__CA,0,2020-02-14
US_San_Diego_County__CA,0,2020-02-15
US_San_Diego_County__CA,0,2020-02-16
US_San_Antonio__TX,0.0,2020-01-22
US_San_Antonio__TX,0.0,2020-01-23
US_San_Antonio__TX,0.0,2020-01-24
US_San_Antonio__TX,0.0,2020-01-25
US_San_Antonio__TX,0.0,2020-01-26
US_San_Antonio__TX,0.0,2020-01-27
US_San_Antonio__TX,0.0,2020-01-28
US_San_Antonio__TX,0.0,2020-01-29
US_San_Antonio__TX,0.0,2020-01-30
US_San_Antonio__TX,0.0,2020-01-31
US_San_Antonio__TX,0.0,2020-02-01
US_San_Antonio__TX,0.0,2020-02-02
US_San_Antonio__TX,0.0,2020-02-03
US_San_Antonio__TX,0.0,2020-02-04
US_San_Antonio__TX,0.0,2020-02-05
US_San_Antonio__TX,0.0,2020-02-06
US_San_Antonio__TX,0.0,2020-02-07
US_San_Antonio__TX,0.0,2020-02-08
US_San_Antonio__TX,0.0,2020-02-09
US_San_Antonio__TX,0.0,2020-02-10
US_San_Antonio__TX,0.0,2020-02-11
US_San_Antonio__TX,0.0,2020-02-12
US_San_Antonio__TX,0.0,2020-02-13
US_San_Antonio__TX,0,2020-02-14
US_San_Antonio__TX,0,2020-02-15
US_San_Antonio__TX,0,2020-02-16
Egypt_nan,0.0,2020-01-22
Egypt_nan,0.0,2020-01-23
Egypt_nan,0.0,2020-01-24
Egypt_nan,0.0,2020-01-25
Egypt_nan,0.0,2020-01-26
Egypt_nan,0.0,2020-01-27
Egypt_nan,0.0,2020-01-28
Egypt_nan,0.0,2020-01-29
Egypt_nan,0.0,2020-01-30
Egypt_nan,0.0,2020-01-31
Egypt_nan,0.0,2020-02-01
Egypt_nan,0.0,2020-02-02
Egypt_nan,0.0,2020-02-03
Egypt_nan,0.0,2020-02-04
Egypt_nan,0.0,2020-02-05
Egypt_nan,0.0,2020-02-06
Egypt_nan,0.0,2020-02-07
Egypt_nan,0.0,2020-02-08
Egypt_nan,0.0,2020-02-09
Egypt_nan,0.0,2020-02-10
Egypt_nan,0.0,2020-02-11
Egypt_nan,0.0,2020-02-12
Egypt_nan,0.0,2020-02-13
Egypt_nan,0,2020-02-14
Egypt_nan,0,2020-02-15
Egypt_nan,0,2020-02-16
China_total,28.0,2020-01-22
China_total,30.0,2020-01-23
China_total,36.0,2020-01-24
China_total,39.0,2020-01-25
China_total,49.0,2020-01-26
China_total,58.0,2020-01-27
China_total,101.0,2020-01-28
China_total,120.0,2020-01-29
China_total,135.0,2020-01-30
China_total,214.0,2020-01-31
China_total,275.0,2020-02-01
China_total,463.0,2020-02-02
China_total,614.0,2020-02-03
China_total,843.0,2020-02-04
China_total,1115.0,2020-02-05
China_total,1476.0,2020-02-06
China_total,1998.0,2020-02-07
China_total,2595.0,2020-02-08
China_total,3218.0,2020-02-09
China_total,3917.0,2020-02-10
China_total,4635.0,2020-02-11
China_total,5079.0,2020-02-12
China_total,6213.0,2020-02-13
China_total,7973,2020-02-14
China_total,9294,2020-02-15
China_total,10748,2020-02-16
